IDVendedor;Nome;IDDestino;País;Cidade;ValorVenda;Qtde;Departamento;Passageiro;CiaAérea;Categoria
14.012;Zeus;BRA-2668;Brasil;Itabaianinha;713;1;MANUFATURA;TERCEIRO;BRITSH AIRWAYS;Plus
14.012;Zeus;DIN-3170;Dinamarca;Kobenhavn;1.132,00;9;MANUFATURA;TEMPORÁRIO;UNITED AIRLINES;Gold
14.012;Zeus;BRA-0594;Brasil;Marzagão;1.095,00;17;AUDITORIA;TERCEIRO;AMERICAN AIRLINES;Plus
14.012;Zeus;BRA-0409;Brasil;Jaguaruana;1.379,00;14;AUDITORIA;COLABORADOR;PASSAREDO LINHAS AÉREAS;Plus
14.012;Zeus;BRA-1881;Brasil;Goioxim;1.359,00;18;COMERCIO EXTERIOR;COLABORADOR;TAP PORTUGAL;Plus
14.012;Zeus;BRA-1896;Brasil;Irati;825;4;DESENV. DE EMBALAGENS;COLABORADOR;AEROLINEAS ARGENTINAS;Gold
14.012;Zeus;BRA-0018;Brasil;Campo Grande;1.155,00;9;DESENV. DE EMBALAGENS;TEMPORÁRIO;AIR CHINA;Plus
14.012;Zeus;BRA-1844;Brasil;Capitão Leônidas Marques;2.020,00;18;ENGENHARIA;TEMPORÁRIO;LAN CHILE;Premium
14.012;Zeus;BRA-2711;Brasil;Apiaí;2.099,00;10;GER LOGISTICA;COLABORADOR;AIR FRANCE;Premium
14.012;Zeus;BRA-0159;Brasil;Canápolis;2.153,00;6;GER LOGISTICA;TERCEIRO;PASSAREDO LINHAS AÉREAS;Plus
14.012;Zeus;BRA-0756;Brasil;São João do Soter;1.587,00;16;GER LOGISTICA;TERCEIRO;TURKISH AIRLINES INC;Plus
14.012;Zeus;BRA-0429;Brasil;Ocara;757;1;GARANTIA DA QUALIDADE;COLABORADOR;AIR CHINA;Plus
14.012;Zeus;CAN-3168;Canadá;Tsawassen;1.819,00;1;GER SUPRIMENTOS;COLABORADOR;AIR CHINA;Plus
14.012;Zeus;BRA-1594;Brasil;Agrestina;2.012,00;1;GER SUPRIMENTOS;COLABORADOR;LUFTHANSA;Gold
14.012;Zeus;BRA-0065;Brasil;Satuba;1.715,00;2;GER SUPRIMENTOS;TERCEIRO;SETE LINHAS AEREAS S/A;Gold
14.012;Zeus;BRA-0421;Brasil;Mauriti;1.361,00;5;GER SUPRIMENTOS;TERCEIRO;TURKISH AIRLINES INC;Plus
14.012;Zeus;VEN-3215;Venezuela;Barquisimeto;699;4;LOGISTICA;COLABORADOR;BRITSH AIRWAYS;Plus
14.012;Zeus;BRA-1766;Brasil;Olho d'Água do Piauí;2.032,00;2;SEG. SAUDE E MEIO AMBIENTE;TERCEIRO;AEROLINEAS ARGENTINAS;Gold
14.012;Zeus;BRA-0234;Brasil;Jaborandi;1.083,00;16;SEG. SAUDE E MEIO AMBIENTE;TERCEIRO;GOL LINHAS AÉREAS;Plus
14.012;Zeus;BRA-1089;Brasil;Papagaios;682;18;SEG. SAUDE E MEIO AMBIENTE;TERCEIRO;TAM LINHAS AÉREAS;Gold
14.012;Zeus;BRA-1762;Brasil;Nova Santa Rita;2.077,00;4;TREINAMENTO E DESENV.;TERCEIRO;AIR CHINA;Plus
14.012;Zeus;BRA-2377;Brasil;Pinheiro Machado;1.855,00;13;SEG. SAUDE E MEIO AMBIENTE;TEMPORÁRIO;AIR EUROPA;Platinum
14.012;Zeus;CAN-3168;Canadá;Tsawassen;1.819,00;20;TREINAMENTO E DESENV.;TEMPORÁRIO;EMIRATES AIRLINE;Gold
14.012;Zeus;BRA-1203;Brasil;São Sebastião da Bela Vista;1.221,00;16;TREINAMENTO E DESENV.;TEMPORÁRIO;SETE LINHAS AEREAS S/A;Gold
14.012;Zeus;BRA-2668;Brasil;Itabaianinha;713;1;MANUFATURA;TERCEIRO;BRITSH AIRWAYS;Plus
14.012;Zeus;BRA-1992;Brasil;Santo Antônio do Paraíso;1.579,00;6;MANUFATURA;COLABORADOR;DELTA AIRLINES;Premium
14.012;Zeus;DIN-3170;Dinamarca;Kobenhavn;1.132,00;9;MANUFATURA;TEMPORÁRIO;UNITED AIRLINES;Gold
14.012;Zeus;DIN-3170;Dinamarca;Kobenhavn;1.132,00;10;MANUFATURA;TEMPORÁRIO;UNITED AIRLINES;Gold
14.012;Zeus;BRA-1163;Brasil;Santa Vitória;1.113,00;9;AUDITORIA;COLABORADOR;AVIANCA;Premium
14.012;Zeus;BRA-1762;Brasil;Nova Santa Rita;2.077,00;2;MANUFATURA;TERCEIRO;BRITSH AIRWAYS;Plus
14.012;Zeus;BRA-2015;Brasil;Três Barras do Paraná;901;12;MANUFATURA;TERCEIRO;CHINA EASTERN AIRLINES;Plus
14.012;Zeus;BRA-1038;Brasil;Mathias Lobato;851;3;AUDITORIA;COLABORADOR;AIR FRANCE;Premium
14.012;Zeus;BRA-2707;Brasil;Analândia;1.370,00;18;AUDITORIA;COLABORADOR;LAN CHILE;Premium
14.012;Zeus;BRA-0082;Brasil;Codajás;837;12;COMERCIO EXTERIOR;TEMPORÁRIO;AIR CANADÁ;Plus
14.012;Zeus;BRA-1259;Brasil;Virginópolis;1.477,00;5;COMERCIO EXTERIOR;TEMPORÁRIO;CHINA EASTERN AIRLINES;Plus
14.012;Zeus;BRA-0665;Brasil;Arari;1.617,00;1;CONTROLADORIA;TEMPORÁRIO;TURKISH AIRLINES INC;Plus
14.012;Zeus;BRA-1345;Brasil;Nova Marilândia;2.167,00;8;DESENV. DE EMBALAGENS;TERCEIRO;AIR CHINA;Plus
14.012;Zeus;BRA-2715;Brasil;Arco-Íris;1.614,00;19;DESENV. DE EMBALAGENS;TEMPORÁRIO;AVIANCA;Premium
14.012;Zeus;BRA-2304;Brasil;Ibarama;1.863,00;19;DESENV. DE EMBALAGENS;TEMPORÁRIO;BRITSH AIRWAYS;Plus
14.012;Zeus;BRA-2081;Brasil;Campo Redondo;917;17;ENGENHARIA;COLABORADOR;DELTA AIRLINES;Premium
14.012;Zeus;BRA-0964;Brasil;Ibiraci;840;12;ENGENHARIA;TERCEIRO;TAP PORTUGAL;Plus
14.012;Zeus;BRA-0920;Brasil;Elói Mendes;1.082,00;20;GER LOGISTICA;TEMPORÁRIO;AVIANCA;Premium
14.012;Zeus;BRA-1283;Brasil;Douradina;1.628,00;20;GER LOGISTICA;TERCEIRO;TURKISH AIRLINES INC;Plus
14.012;Zeus;BRA-1499;Brasil;Cruz do Espírito Santo;1.103,00;13;GARANTIA DA QUALIDADE;TERCEIRO;AIR FRANCE;Premium
14.012;Zeus;BRA-0927;Brasil;Estiva;1.301,00;9;GARANTIA DA QUALIDADE;TERCEIRO;TAM LINHAS AÉREAS;Gold
14.012;Zeus;BRA-0049;Brasil;Ouro Branco;1.994,00;17;LOGISTICA;TEMPORÁRIO;AMERICAN AIRLINES;Plus
14.012;Zeus;BRA-2248;Brasil;Charrua;2.148,00;14;SEG. SAUDE E MEIO AMBIENTE;TEMPORÁRIO;AIR CANADÁ;Plus
14.012;Zeus;BRA-0351;Brasil;Varzedo;2.052,00;5;SEG. SAUDE E MEIO AMBIENTE;COLABORADOR;AIR FRANCE;Premium
14.012;Zeus;MEX-3202;México;México D.F.;1.367,00;7;SEG. SAUDE E MEIO AMBIENTE;COLABORADOR;PASSAREDO LINHAS AÉREAS;Plus
14.012;Zeus;MEX-3202;México;México D.F.;1.367,00;4;SEG. SAUDE E MEIO AMBIENTE;COLABORADOR;PASSAREDO LINHAS AÉREAS;Plus
14.012;Zeus;BRA-0820;Brasil;Brasília de Minas;1.684,00;20;SEG. SAUDE E MEIO AMBIENTE;TERCEIRO;TAM LINHAS AÉREAS;Gold
14.012;Zeus;POR-3205;Portugal;Lisboa;972;12;SEG. SAUDE E MEIO AMBIENTE;TERCEIRO;TAP PORTUGAL;Plus
14.012;Zeus;VEN-3216;Venezuela;Ilha de Margarita;1.316,00;16;TREINAMENTO E DESENV.;COLABORADOR;TURKISH AIRLINES INC;Plus
14.012;Zeus;VEN-3216;Venezuela;Ilha de Margarita;1.316,00;13;TREINAMENTO E DESENV.;COLABORADOR;TURKISH AIRLINES INC;Plus
14.012;Zeus;VEN-3216;Venezuela;Ilha de Margarita;1.316,00;17;TREINAMENTO E DESENV.;COLABORADOR;TURKISH AIRLINES INC;Plus
14.012;Zeus;VEN-3216;Venezuela;Ilha de Margarita;1.316,00;20;TREINAMENTO E DESENV.;COLABORADOR;TURKISH AIRLINES INC;Plus
14.012;Zeus;BRA-3125;Brasil;Pequizeiro;762;8;TREINAMENTO E DESENV.;TERCEIRO;UNITED AIRLINES;Gold
14.012;Zeus;BRA-1762;Brasil;Nova Santa Rita;2.077,00;2;MANUFATURA;TERCEIRO;BRITSH AIRWAYS;Plus
14.012;Zeus;BRA-2015;Brasil;Três Barras do Paraná;901;12;MANUFATURA;TERCEIRO;CHINA EASTERN AIRLINES;Plus
14.012;Zeus;BRA-0444;Brasil;Russas;1.025,00;19;MANUFATURA;COLABORADOR;GOL LINHAS AÉREAS;Plus
14.012;Zeus;CAN-3167;Canadá;Montréal;1.454,00;10;MANUFATURA;COLABORADOR;LAN CHILE;Premium
14.012;Zeus;CAN-3167;Canadá;Montréal;1.454,00;8;MANUFATURA;COLABORADOR;LAN CHILE;Premium
14.012;Zeus;BRA-0414;Brasil;Lavras da Mangabeira;1.470,00;15;MANUFATURA;COLABORADOR;UNITED AIRLINES;Gold
14.012;Zeus;BRA-1038;Brasil;Mathias Lobato;851;3;AUDITORIA;COLABORADOR;AIR FRANCE;Premium
14.012;Zeus;BRA-1498;Brasil;Coxixola;1.930,00;17;AUDITORIA;TERCEIRO;AMERICAN AIRLINES;Plus
14.012;Zeus;BRA-2941;Brasil;Pindorama;1.819,00;17;AUDITORIA;COLABORADOR;ETIHAD AIRWAYS;Plus
14.012;Zeus;DIN-3170;Dinamarca;Kobenhavn;1.132,00;3;AUDITORIA;TEMPORÁRIO;GOL LINHAS AÉREAS;Plus
14.012;Zeus;BRA-0977;Brasil;Itabirito;2.139,00;6;AUDITORIA;COLABORADOR;LAN CHILE;Premium
14.012;Zeus;BRA-1211;Brasil;Senador Amaral;894;8;COMERCIO EXTERIOR;COLABORADOR;TAP PORTUGAL;Plus
14.012;Zeus;BRA-2221;Brasil;Bom Princípio;879;20;CONTROLADORIA;COLABORADOR;AIR CANADÁ;Plus
14.012;Zeus;BRA-2434;Brasil;São Pedro do Butiá;2.016,00;10;CONTROLADORIA;TERCEIRO;LAN CHILE;Premium
14.012;Zeus;BRA-2637;Brasil;Tigrinhos;1.610,00;15;CONTROLADORIA;TERCEIRO;SETE LINHAS AEREAS S/A;Gold
14.012;Zeus;BRA-0890;Brasil;Cordislândia;1.373,00;5;CONTROLADORIA;COLABORADOR;TAM LINHAS AÉREAS;Gold
14.012;Zeus;BRA-0769;Brasil;Turiaçu;1.731,00;7;CONTROLADORIA;TEMPORÁRIO;TAM LINHAS AÉREAS;Gold
14.012;Zeus;BRA-2539;Brasil;Imbituba;1.323,00;11;ENGENHARIA;TEMPORÁRIO;BRITSH AIRWAYS;Plus
14.012;Zeus;BRA-0075;Brasil;Beruri;1.165,00;12;ENGENHARIA;TEMPORÁRIO;ETIHAD AIRWAYS;Plus
14.012;Zeus;CAN-3168;Canadá;Tsawassen;1.819,00;16;GER LOGISTICA;TERCEIRO;AIR CHINA;Plus
14.012;Zeus;CAN-3168;Canadá;Tsawassen;1.819,00;11;GER LOGISTICA;TERCEIRO;AIR CHINA;Plus
14.012;Zeus;BRA-0276;Brasil;Pé de Serra;1.579,00;1;GER LOGISTICA;COLABORADOR;AIR FRANCE;Premium
14.012;Zeus;POR-3205;Portugal;Lisboa;972;5;GER LOGISTICA;COLABORADOR;PASSAREDO LINHAS AÉREAS;Plus
14.012;Zeus;POR-3205;Portugal;Lisboa;972;15;GER LOGISTICA;COLABORADOR;PASSAREDO LINHAS AÉREAS;Plus
14.012;Zeus;DIN-3170;Dinamarca;Kobenhavn;1.132,00;8;GER LOGISTICA;TERCEIRO;TURKISH AIRLINES INC;Plus
14.012;Zeus;BRA-0681;Brasil;Cantanhede;1.944,00;14;GARANTIA DA QUALIDADE;TERCEIRO;EMIRATES AIRLINE;Gold
14.012;Zeus;BRA-2581;Brasil;Nova Itaberaba;2.134,00;5;GARANTIA DA QUALIDADE;TERCEIRO;UNITED AIRLINES;Gold
14.012;Zeus;BRA-1933;Brasil;Morretes;1.691,00;7;LOGISTICA;COLABORADOR;GOL LINHAS AÉREAS;Plus
14.012;Zeus;BRA-1886;Brasil;Guaraci;2.060,00;5;LOGISTICA;COLABORADOR;PASSAREDO LINHAS AÉREAS;Plus
14.012;Zeus;BRA-1455;Brasil;São Sebastião da Boa Vista;1.056,00;15;LOGISTICA;COLABORADOR;TURKISH AIRLINES INC;Plus
14.012;Zeus;BRA-2395;Brasil;Restinga Seca;1.623,00;6;SEG. SAUDE E MEIO AMBIENTE;TEMPORÁRIO;BRITSH AIRWAYS;Plus
14.012;Zeus;DIN-3171;Dinamarca;arhus;961;16;SEG. SAUDE E MEIO AMBIENTE;TERCEIRO;CHINA EASTERN AIRLINES;Plus
14.012;Zeus;BRA-0530;Brasil;Bonópolis;681;11;SEG. SAUDE E MEIO AMBIENTE;COLABORADOR;TAM LINHAS AÉREAS;Gold
14.012;Zeus;BRA-0293;Brasil;Riacho de Santana;2.177,00;18;MANUFATURA;TEMPORÁRIO;AZUL LINHAS AÉREAS BRASILEIRAS;Gold
14.012;Zeus;BRA-0795;Brasil;Araxá;1.073,00;11;MANUFATURA;TEMPORÁRIO;LAN CHILE;Premium
14.012;Zeus;MEX-3202;México;México D.F.;1.367,00;5;AUDITORIA;TEMPORÁRIO;AVIANCA;Premium
14.012;Zeus;MEX-3202;México;México D.F.;1.367,00;13;AUDITORIA;TEMPORÁRIO;AVIANCA;Premium
14.012;Zeus;BRA-2778;Brasil;Cubatão;824;6;MANUFATURA;TERCEIRO;UNITED AIRLINES;Gold
14.012;Zeus;BRA-1277;Brasil;Corguinho;1.032,00;11;AUDITORIA;COLABORADOR;CHINA EASTERN AIRLINES;Plus
14.012;Zeus;BRA-0204;Brasil;Ibicuí;1.023,00;14;AUDITORIA;TERCEIRO;PASSAREDO LINHAS AÉREAS;Plus
14.012;Zeus;BRA-1665;Brasil;Serra Talhada;2.094,00;2;COMERCIO EXTERIOR;COLABORADOR;AEROLINEAS ARGENTINAS;Gold
14.012;Zeus;BRA-1551;Brasil;Remígio;1.959,00;3;CONTROLADORIA;TEMPORÁRIO;AEROLINEAS ARGENTINAS;Gold
14.012;Zeus;BRA-1899;Brasil;Itaperuçu;1.092,00;9;CONTROLADORIA;COLABORADOR;TAP PORTUGAL;Plus
14.012;Zeus;BRA-0334;Brasil;Taperoá;2.018,00;9;DESENV. DE EMBALAGENS;TEMPORÁRIO;AIR CANADÁ;Plus
14.012;Zeus;CAN-3169;Canadá;Vancouver;1.417,00;6;DESENV. DE EMBALAGENS;TERCEIRO;GOL LINHAS AÉREAS;Plus
14.012;Zeus;BRA-0153;Brasil;Caetanos;1.687,00;20;ENGENHARIA;TERCEIRO;CHINA EASTERN AIRLINES;Plus
14.012;Zeus;BRA-2263;Brasil;Dom Pedro de Alcântara;1.225,00;9;ENGENHARIA;TERCEIRO;LAN CHILE;Premium
14.012;Zeus;BRA-1086;Brasil;Paiva;1.857,00;9;GER LOGISTICA;COLABORADOR;AEROLINEAS ARGENTINAS;Gold
14.012;Zeus;BRA-1164;Brasil;Santana de Pirapama;1.373,00;5;GER LOGISTICA;TERCEIRO;AIR EUROPA;Platinum
14.012;Zeus;VEN-3216;Venezuela;Ilha de Margarita;1.316,00;19;GER SUPRIMENTOS;TEMPORÁRIO;LAN CHILE;Premium
14.012;Zeus;BRA-3090;Brasil;Conceição do Tocantins;1.301,00;2;LOGISTICA;TEMPORÁRIO;LAN CHILE;Premium
14.012;Zeus;BRA-0639;Brasil;São João da Paraúna;694;1;LOGISTICA;COLABORADOR;TAM LINHAS AÉREAS;Gold
14.012;Zeus;IRL-3198;Irlanda;Cork;984;1;LOGISTICA;TERCEIRO;UNITED AIRLINES;Gold
14.012;Zeus;VEN-3216;Venezuela;Ilha de Margarita;1.316,00;7;SEG. SAUDE E MEIO AMBIENTE;TERCEIRO;AEROLINEAS ARGENTINAS;Gold
14.012;Zeus;VEN-3216;Venezuela;Ilha de Margarita;1.316,00;18;SEG. SAUDE E MEIO AMBIENTE;TERCEIRO;AEROLINEAS ARGENTINAS;Gold
14.012;Zeus;BRA-1473;Brasil;Bayeux;1.634,00;16;SEG. SAUDE E MEIO AMBIENTE;TEMPORÁRIO;AVIANCA;Premium
14.012;Zeus;BRA-0816;Brasil;Bonito de Minas;1.836,00;8;SEG. SAUDE E MEIO AMBIENTE;TEMPORÁRIO;DELTA AIRLINES;Premium
14.012;Zeus;BRA-2171;Brasil;Corumbiara;1.761,00;2;SEG. SAUDE E MEIO AMBIENTE;COLABORADOR;LUFTHANSA;Gold
14.012;Zeus;BRA-1770;Brasil;Patos do Piauí;2.145,00;15;TREINAMENTO E DESENV.;TEMPORÁRIO;CHINA EASTERN AIRLINES;Plus
14.012;Zeus;BRA-1664;Brasil;São Vicente Ferrer;1.784,00;9;TREINAMENTO E DESENV.;COLABORADOR;TAM LINHAS AÉREAS;Gold
14.012;Zeus;BRA-2778;Brasil;Cubatão;824;6;MANUFATURA;TERCEIRO;UNITED AIRLINES;Gold
14.012;Zeus;BRA-0837;Brasil;Campestre;887;3;AUDITORIA;TEMPORÁRIO;AIR FRANCE;Premium
14.012;Zeus;BRA-0962;Brasil;Iapu;1.374,00;11;AUDITORIA;TEMPORÁRIO;AIR FRANCE;Premium
14.012;Zeus;BRA-2124;Brasil;Pedra Grande;735;15;AUDITORIA;TERCEIRO;AMERICAN AIRLINES;Plus
14.012;Zeus;BRA-2698;Brasil;Alfredo Marcondes;699;16;AUDITORIA;TEMPORÁRIO;GOL LINHAS AÉREAS;Plus
14.012;Zeus;BRA-0684;Brasil;Cedral;2.054,00;5;AUDITORIA;COLABORADOR;SETE LINHAS AEREAS S/A;Gold
14.012;Zeus;CAN-3168;Canadá;Tsawassen;1.819,00;1;COMERCIO EXTERIOR;TEMPORÁRIO;TAM LINHAS AÉREAS;Gold
14.012;Zeus;CAN-3168;Canadá;Tsawassen;1.819,00;17;COMERCIO EXTERIOR;TEMPORÁRIO;TAM LINHAS AÉREAS;Gold
14.012;Zeus;NOR-3203;Noruega;Stavern;1.995,00;5;COMERCIO EXTERIOR;TEMPORÁRIO;TURKISH AIRLINES INC;Plus
14.012;Zeus;BRA-3030;Brasil;Silveiras;1.288,00;2;CONTROLADORIA;TEMPORÁRIO;LAN CHILE;Premium
14.012;Zeus;BRA-1518;Brasil;Juazeirinho;801;15;DESENV. DE EMBALAGENS;COLABORADOR;AIR FRANCE;Premium
14.012;Zeus;BRA-2269;Brasil;Engenho Velho;1.137,00;13;DESENV. DE EMBALAGENS;TERCEIRO;AZUL LINHAS AÉREAS BRASILEIRAS;Gold
14.012;Zeus;BRA-1380;Brasil;Vera;1.435,00;2;DESENV. DE EMBALAGENS;COLABORADOR;TURKISH AIRLINES INC;Plus
14.012;Zeus;BRA-2035;Brasil;Itaperuna;1.533,00;18;ENGENHARIA;COLABORADOR;CHINA EASTERN AIRLINES;Plus
14.012;Zeus;BRA-1041;Brasil;Matipó;1.890,00;1;ENGENHARIA;TERCEIRO;TAP PORTUGAL;Plus
14.012;Zeus;BRA-3014;Brasil;São José do Rio Pardo;1.135,00;20;GER LOGISTICA;TERCEIRO;AIR FRANCE;Premium
14.012;Zeus;VEN-3216;Venezuela;Ilha de Margarita;1.316,00;3;GER LOGISTICA;TERCEIRO;AVIANCA;Premium
14.012;Zeus;VEN-3216;Venezuela;Ilha de Margarita;1.316,00;17;GER LOGISTICA;TERCEIRO;AVIANCA;Premium
14.012;Zeus;VEN-3216;Venezuela;Ilha de Margarita;1.316,00;12;GER LOGISTICA;TERCEIRO;AVIANCA;Premium
14.012;Zeus;BRA-2939;Brasil;Piacatu;748;19;GER LOGISTICA;COLABORADOR;TAP PORTUGAL;Plus
14.012;Zeus;BRA-0505;Brasil;Vila Pavão;1.576,00;6;GARANTIA DA QUALIDADE;COLABORADOR;TAP PORTUGAL;Plus
14.012;Zeus;BRA-2036;Brasil;Itatiaia;1.452,00;1;GER SUPRIMENTOS;COLABORADOR;UNITED AIRLINES;Gold
14.012;Zeus;BRA-1501;Brasil;Cuité;2.092,00;7;LOGISTICA;TEMPORÁRIO;EMIRATES AIRLINE;Gold
14.012;Zeus;BRA-2930;Brasil;Paulicéia;1.022,00;10;LOGISTICA;COLABORADOR;EMIRATES AIRLINE;Gold
14.012;Zeus;BRA-1714;Brasil;Castelo do Piauí;1.361,00;9;SEG. SAUDE E MEIO AMBIENTE;TERCEIRO;AMERICAN AIRLINES;Plus
14.012;Zeus;BRA-0556;Brasil;Davinópolis;1.057,00;13;TREINAMENTO E DESENV.;TERCEIRO;AEROLINEAS ARGENTINAS;Gold
14.012;Zeus;BRA-0551;Brasil;Corumbaíba;1.253,00;9;TREINAMENTO E DESENV.;TERCEIRO;ETIHAD AIRWAYS;Plus
14.012;Zeus;BRA-3000;Brasil;Santo André;1.072,00;1;TREINAMENTO E DESENV.;COLABORADOR;TAP PORTUGAL;Plus
14.012;Zeus;BEL-3166;Bélgica;Bruxelles;1.590,00;2;MANUFATURA;TEMPORÁRIO;AMERICAN AIRLINES;Plus
14.012;Zeus;BRA-2998;Brasil;Santana de Parnaíba;976;1;MANUFATURA;TERCEIRO;AMERICAN AIRLINES;Plus
14.012;Zeus;BRA-1468;Brasil;Aroeiras;742;10;MANUFATURA;COLABORADOR;TAM LINHAS AÉREAS;Gold
14.012;Zeus;BRA-1834;Brasil;Brasilândia do Sul;1.731,00;17;MANUFATURA;TERCEIRO;TURKISH AIRLINES INC;Plus
14.012;Zeus;BRA-2124;Brasil;Pedra Grande;735;15;AUDITORIA;TERCEIRO;AMERICAN AIRLINES;Plus
14.012;Zeus;BRA-0393;Brasil;Guaraciaba do Norte;842;8;MANUFATURA;TERCEIRO;UNITED AIRLINES;Gold
14.012;Zeus;VEN-3213;Venezuela;San Cristóbal;1.900,00;16;MANUFATURA;TEMPORÁRIO;UNITED AIRLINES;Gold
14.012;Zeus;VEN-3213;Venezuela;San Cristóbal;1.900,00;6;MANUFATURA;TEMPORÁRIO;UNITED AIRLINES;Gold
14.012;Zeus;BRA-0128;Brasil;Aratuípe;1.815,00;6;AUDITORIA;COLABORADOR;BRITSH AIRWAYS;Plus
14.012;Zeus;BRA-0726;Brasil;Parnarama;1.254,00;16;AUDITORIA;TERCEIRO;CHINA EASTERN AIRLINES;Plus
14.012;Zeus;BRA-2339;Brasil;Minas do Leão;722;14;AUDITORIA;TERCEIRO;DELTA AIRLINES;Premium
14.012;Zeus;BRA-1968;Brasil;Rancho Alegre d'Oeste;1.919,00;18;AUDITORIA;COLABORADOR;DELTA AIRLINES;Premium
14.012;Zeus;BRA-0683;Brasil;Carutapera;2.003,00;18;AUDITORIA;TERCEIRO;SETE LINHAS AEREAS S/A;Gold
14.012;Zeus;BRA-2738;Brasil;Borborema;1.046,00;2;CONTROLADORIA;COLABORADOR;ETIHAD AIRWAYS;Plus
14.012;Zeus;BRA-0227;Brasil;Itapetinga;1.706,00;17;DESENV. DE EMBALAGENS;TERCEIRO;LAN CHILE;Premium
14.012;Zeus;BRA-0969;Brasil;Ijaci;1.630,00;13;ENGENHARIA;TEMPORÁRIO;AIR CHINA;Plus
14.012;Zeus;BRA-0234;Brasil;Jaborandi;1.083,00;17;ENGENHARIA;TEMPORÁRIO;AIR FRANCE;Premium
14.012;Zeus;BRA-2077;Brasil;Bodó;1.636,00;2;ENGENHARIA;TERCEIRO;AZUL LINHAS AÉREAS BRASILEIRAS;Gold
14.012;Zeus;VEN-3215;Venezuela;Barquisimeto;699;7;ENGENHARIA;TEMPORÁRIO;BRITSH AIRWAYS;Plus
14.012;Zeus;CAN-3169;Canadá;Vancouver;1.417,00;17;ENGENHARIA;TEMPORÁRIO;TAM LINHAS AÉREAS;Gold
14.012;Zeus;BRA-2978;Brasil;Rubinéia;1.235,00;9;GARANTIA DA QUALIDADE;TEMPORÁRIO;AMERICAN AIRLINES;Plus
14.012;Zeus;CAN-3167;Canadá;Montréal;1.454,00;18;GER SUPRIMENTOS;TEMPORÁRIO;TAP PORTUGAL;Plus
14.012;Zeus;BRA-2178;Brasil;Nova Mamoré;2.063,00;15;GER SUPRIMENTOS;TERCEIRO;UNITED AIRLINES;Gold
14.012;Zeus;BRA-2278;Brasil;Estação;2.198,00;13;LOGISTICA;TEMPORÁRIO;CHINA EASTERN AIRLINES;Plus
14.012;Zeus;ARG-3162;Argentina;Buenos Aires;1.923,00;15;LOGISTICA;TERCEIRO;EMIRATES AIRLINE;Gold
14.012;Zeus;ARG-3162;Argentina;Buenos Aires;1.923,00;6;LOGISTICA;TERCEIRO;EMIRATES AIRLINE;Gold
14.012;Zeus;REI-3207;Reino Unido;Cowes;1.633,00;14;LOGISTICA;TEMPORÁRIO;TURKISH AIRLINES INC;Plus
14.012;Zeus;BRA-2853;Brasil;Jacupiranga;1.276,00;16;SEG. SAUDE E MEIO AMBIENTE;COLABORADOR;AIR EUROPA;Platinum
14.012;Zeus;BRA-1228;Brasil;Taiobeiras;1.135,00;3;SEG. SAUDE E MEIO AMBIENTE;TERCEIRO;AMERICAN AIRLINES;Plus
14.012;Zeus;BRA-0802;Brasil;Barão de Monte Alto;1.882,00;1;SEG. SAUDE E MEIO AMBIENTE;TERCEIRO;AVIANCA;Premium
14.012;Zeus;BRA-0317;Brasil;São Francisco do Conde;2.117,00;5;SEG. SAUDE E MEIO AMBIENTE;COLABORADOR;BRITSH AIRWAYS;Plus
14.012;Zeus;CAN-3169;Canadá;Vancouver;1.417,00;6;TREINAMENTO E DESENV.;TEMPORÁRIO;AZUL LINHAS AÉREAS BRASILEIRAS;Gold
14.012;Zeus;BRA-0712;Brasil;Mata Roma;1.860,00;4;TREINAMENTO E DESENV.;TEMPORÁRIO;TAM LINHAS AÉREAS;Gold
14.012;Zeus;BRA-2603;Brasil;Presidente Getúlio;1.038,00;16;MANUFATURA;TEMPORÁRIO;CHINA EASTERN AIRLINES;Plus
14.012;Zeus;BRA-0507;Brasil;Vila Velha;1.861,00;16;MANUFATURA;TEMPORÁRIO;TURKISH AIRLINES INC;Plus
14.012;Zeus;BRA-0393;Brasil;Guaraciaba do Norte;842;8;MANUFATURA;TERCEIRO;UNITED AIRLINES;Gold
14.012;Zeus;VEN-3213;Venezuela;San Cristóbal;1.900,00;4;MANUFATURA;TEMPORÁRIO;UNITED AIRLINES;Gold
14.012;Zeus;VEN-3213;Venezuela;San Cristóbal;1.900,00;16;MANUFATURA;TEMPORÁRIO;UNITED AIRLINES;Gold
14.012;Zeus;VEN-3213;Venezuela;San Cristóbal;1.900,00;6;MANUFATURA;TEMPORÁRIO;UNITED AIRLINES;Gold
14.012;Zeus;BRA-0035;Brasil;Limoeiro de Anadia;2.108,00;16;MANUFATURA;TERCEIRO;LUFTHANSA;Gold
14.012;Zeus;BRA-0743;Brasil;Santa Filomena do Maranhão;1.332,00;17;AUDITORIA;COLABORADOR;DELTA AIRLINES;Premium
14.012;Zeus;BRA-1987;Brasil;Santa Maria do Oeste;855;14;AUDITORIA;TEMPORÁRIO;PASSAREDO LINHAS AÉREAS;Plus
14.012;Zeus;BRA-1020;Brasil;Luminárias;1.001,00;6;CONTROLADORIA;TEMPORÁRIO;PASSAREDO LINHAS AÉREAS;Plus
14.012;Zeus;BRA-3099;Brasil;Guaraí;991;3;CONTROLADORIA;TERCEIRO;SETE LINHAS AEREAS S/A;Gold
14.012;Zeus;VEN-3215;Venezuela;Barquisimeto;699;14;DESENV. DE EMBALAGENS;TEMPORÁRIO;TAP PORTUGAL;Plus
14.012;Zeus;VEN-3215;Venezuela;Barquisimeto;699;13;DESENV. DE EMBALAGENS;TEMPORÁRIO;TAP PORTUGAL;Plus
14.012;Zeus;VEN-3215;Venezuela;Barquisimeto;699;18;DESENV. DE EMBALAGENS;TEMPORÁRIO;TAP PORTUGAL;Plus
14.012;Zeus;BRA-1415;Brasil;Itaituba;1.147,00;13;ENGENHARIA;TERCEIRO;AMERICAN AIRLINES;Plus
14.012;Zeus;BRA-2796;Brasil;Fernando Prestes;2.118,00;9;ENGENHARIA;TEMPORÁRIO;TURKISH AIRLINES INC;Plus
14.012;Zeus;MEX-3202;México;México D.F.;1.367,00;6;GER LOGISTICA;TEMPORÁRIO;EMIRATES AIRLINE;Gold
14.012;Zeus;NOR-3203;Noruega;Stavern;1.995,00;5;GER LOGISTICA;TEMPORÁRIO;SETE LINHAS AEREAS S/A;Gold
14.012;Zeus;BRA-2205;Brasil;Alvorada;802;13;GARANTIA DA QUALIDADE;TEMPORÁRIO;AVIANCA;Premium
14.012;Zeus;BRA-2839;Brasil;Itapirapuã Paulista;1.281,00;1;TREINAMENTO E DESENV.;TEMPORÁRIO;SETE LINHAS AEREAS S/A;Gold
14.012;Zeus;BRA-0635;Brasil;Santo Antônio de Goiás;1.811,00;16;TREINAMENTO E DESENV.;TEMPORÁRIO;TURKISH AIRLINES INC;Plus
14.012;Zeus;BRA-0332;Brasil;Tanque Novo;1.137,00;20;TREINAMENTO E DESENV.;COLABORADOR;UNITED AIRLINES;Gold
14.012;Zeus;BRA-1160;Brasil;Santa Maria do Salto;1.339,00;5;MANUFATURA;TEMPORÁRIO;AMERICAN AIRLINES;Plus
14.012;Zeus;BRA-1293;Brasil;Jateí;1.194,00;5;MANUFATURA;COLABORADOR;AVIANCA;Premium
14.012;Zeus;DIN-3171;Dinamarca;arhus;961;4;MANUFATURA;COLABORADOR;LAN CHILE;Premium
14.012;Zeus;BRA-0035;Brasil;Limoeiro de Anadia;2.108,00;16;MANUFATURA;TERCEIRO;LUFTHANSA;Gold
14.012;Zeus;BRA-1436;Brasil;Porto de Moz;2.149,00;2;MANUFATURA;COLABORADOR;DELTA AIRLINES;Premium
14.012;Zeus;BRA-1305;Brasil;Rio Verde de Mato Grosso;2.168,00;17;AUDITORIA;TERCEIRO;AIR FRANCE;Premium
14.012;Zeus;BRA-2374;Brasil;Pinhal;969;4;AUDITORIA;COLABORADOR;BRITSH AIRWAYS;Plus
14.012;Zeus;BRA-2050;Brasil;Piraí;913;10;AUDITORIA;COLABORADOR;BRITSH AIRWAYS;Plus
14.012;Zeus;BRA-1537;Brasil;Passagem;1.473,00;8;AUDITORIA;TERCEIRO;ETIHAD AIRWAYS;Plus
14.012;Zeus;BRA-0695;Brasil;Fernando Falcão;1.564,00;12;AUDITORIA;COLABORADOR;GOL LINHAS AÉREAS;Plus
14.012;Zeus;BRA-1867;Brasil;Enéas Marques;1.511,00;5;COMERCIO EXTERIOR;TERCEIRO;TAP PORTUGAL;Plus
14.012;Zeus;BRA-0270;Brasil;Nova Soure;1.549,00;14;CONTROLADORIA;TEMPORÁRIO;AIR EUROPA;Platinum
14.012;Zeus;BRA-1568;Brasil;São José do Brejo do Cruz;1.413,00;2;CONTROLADORIA;COLABORADOR;EMIRATES AIRLINE;Gold
14.012;Zeus;BRA-1813;Brasil;Alto Paraná;1.938,00;11;CONTROLADORIA;COLABORADOR;GOL LINHAS AÉREAS;Plus
14.012;Zeus;BRA-0174;Brasil;Coaraci;1.490,00;1;CONTROLADORIA;COLABORADOR;GOL LINHAS AÉREAS;Plus
14.012;Zeus;BRA-0082;Brasil;Codajás;837;5;CONTROLADORIA;TEMPORÁRIO;GOL LINHAS AÉREAS;Plus
14.012;Zeus;BRA-2436;Brasil;São Sepé;846;12;DESENV. DE EMBALAGENS;TERCEIRO;DELTA AIRLINES;Premium
14.012;Zeus;BRA-0771;Brasil;Tutóia;872;13;ENGENHARIA;TEMPORÁRIO;GOL LINHAS AÉREAS;Plus
14.012;Zeus;BRA-0314;Brasil;São Felipe;1.666,00;10;ENGENHARIA;TEMPORÁRIO;LUFTHANSA;Gold
14.012;Zeus;BRA-1411;Brasil;Igarapé-Mirim;1.932,00;20;GARANTIA DA QUALIDADE;COLABORADOR;AMERICAN AIRLINES;Plus
14.012;Zeus;CAN-3167;Canadá;Montréal;1.454,00;15;GARANTIA DA QUALIDADE;TERCEIRO;ETIHAD AIRWAYS;Plus
14.012;Zeus;BRA-1629;Brasil;Iguaraci;713;8;GARANTIA DA QUALIDADE;TERCEIRO;TAP PORTUGAL;Plus
14.012;Zeus;BRA-1663;Brasil;São José da Coroa Grande;1.793,00;8;GER SUPRIMENTOS;TERCEIRO;AIR CANADÁ;Plus
14.012;Zeus;BRA-2494;Brasil;Barra Bonita;1.404,00;18;GER SUPRIMENTOS;TEMPORÁRIO;AIR CHINA;Plus
14.012;Zeus;BRA-0715;Brasil;Milagres do Maranhão;738;18;GER SUPRIMENTOS;COLABORADOR;SETE LINHAS AEREAS S/A;Gold
14.012;Zeus;BRA-1236;Brasil;Tombos;1.213,00;9;GER SUPRIMENTOS;TERCEIRO;TAP PORTUGAL;Plus
14.012;Zeus;BRA-2326;Brasil;Lajeado;751;13;LOGISTICA;TEMPORÁRIO;ETIHAD AIRWAYS;Plus
14.012;Zeus;BRA-1437;Brasil;Prainha;909;5;LOGISTICA;TERCEIRO;LAN CHILE;Premium
14.012;Zeus;BEL-3165;Bélgica;Charleroi;2.119,00;11;LOGISTICA;COLABORADOR;PASSAREDO LINHAS AÉREAS;Plus
14.012;Zeus;BEL-3165;Bélgica;Charleroi;2.119,00;16;LOGISTICA;COLABORADOR;PASSAREDO LINHAS AÉREAS;Plus
14.012;Zeus;BEL-3165;Bélgica;Charleroi;2.119,00;18;LOGISTICA;COLABORADOR;PASSAREDO LINHAS AÉREAS;Plus
14.012;Zeus;BRA-0555;Brasil;Damianópolis;2.019,00;10;MANUFATURA;COLABORADOR;AVIANCA;Premium
14.012;Zeus;BRA-0516;Brasil;Anhanguera;1.608,00;8;MANUFATURA;TERCEIRO;DELTA AIRLINES;Premium
14.012;Zeus;REI-3208;Reino Unido;Colchester;2.031,00;16;MANUFATURA;COLABORADOR;DELTA AIRLINES;Premium
14.012;Zeus;BRA-1436;Brasil;Porto de Moz;2.149,00;2;MANUFATURA;COLABORADOR;DELTA AIRLINES;Premium
14.012;Zeus;BRA-0678;Brasil;Cachoeira Grande;2.067,00;2;AUDITORIA;TEMPORÁRIO;AEROLINEAS ARGENTINAS;Gold
14.012;Zeus;BRA-1305;Brasil;Rio Verde de Mato Grosso;2.168,00;17;AUDITORIA;TERCEIRO;AIR FRANCE;Premium
14.012;Zeus;BRA-1504;Brasil;Desterro;1.046,00;11;MANUFATURA;TEMPORÁRIO;AIR CANADÁ;Plus
14.012;Zeus;BRA-0825;Brasil;Bugre;937;19;MANUFATURA;TERCEIRO;PASSAREDO LINHAS AÉREAS;Plus
14.012;Zeus;BRA-2530;Brasil;Frei Rogério;855;5;MANUFATURA;COLABORADOR;TURKISH AIRLINES INC;Plus
14.012;Zeus;BRA-1424;Brasil;Nova Timboteua;1.139,00;2;AUDITORIA;TEMPORÁRIO;AIR EUROPA;Platinum
14.012;Zeus;BRA-1055;Brasil;Monte Azul;2.193,00;8;AUDITORIA;TERCEIRO;AVIANCA;Premium
14.012;Zeus;BRA-1373;Brasil;Santo Antônio do Leverger;2.036,00;18;AUDITORIA;TERCEIRO;AZUL LINHAS AÉREAS BRASILEIRAS;Gold
14.012;Zeus;BRA-0527;Brasil;Bom Jardim de Goiás;1.134,00;11;COMERCIO EXTERIOR;TEMPORÁRIO;LAN CHILE;Premium
14.012;Zeus;ARG-3162;Argentina;Buenos Aires;1.923,00;2;CONTROLADORIA;COLABORADOR;AVIANCA;Premium
14.012;Zeus;BRA-2340;Brasil;Miraguaí;1.427,00;6;CONTROLADORIA;TEMPORÁRIO;LAN CHILE;Premium
14.012;Zeus;BRA-2713;Brasil;Araçoiaba da Serra;654;16;DESENV. DE EMBALAGENS;TERCEIRO;AEROLINEAS ARGENTINAS;Gold
14.012;Zeus;BRA-1670;Brasil;Tacaratu;968;17;DESENV. DE EMBALAGENS;TERCEIRO;GOL LINHAS AÉREAS;Plus
14.012;Zeus;BRA-0600;Brasil;Montes Claros de Goiás;2.195,00;2;DESENV. DE EMBALAGENS;TEMPORÁRIO;LUFTHANSA;Gold
14.012;Zeus;IRL-3198;Irlanda;Cork;984;13;ENGENHARIA;COLABORADOR;ETIHAD AIRWAYS;Plus
14.012;Zeus;BRA-1103;Brasil;Pequi;1.773,00;12;GARANTIA DA QUALIDADE;COLABORADOR;AIR EUROPA;Platinum
14.012;Zeus;BRA-2671;Brasil;Macambira;1.405,00;3;GARANTIA DA QUALIDADE;TEMPORÁRIO;AIR FRANCE;Premium
14.012;Zeus;BEL-3166;Bélgica;Bruxelles;1.590,00;8;GARANTIA DA QUALIDADE;TEMPORÁRIO;TURKISH AIRLINES INC;Plus
14.012;Zeus;BEL-3166;Bélgica;Bruxelles;1.590,00;3;GARANTIA DA QUALIDADE;TEMPORÁRIO;TURKISH AIRLINES INC;Plus
14.012;Zeus;BEL-3165;Bélgica;Charleroi;2.119,00;6;GER SUPRIMENTOS;COLABORADOR;AIR EUROPA;Platinum
14.012;Zeus;BEL-3165;Bélgica;Charleroi;2.119,00;5;GER SUPRIMENTOS;COLABORADOR;AIR EUROPA;Platinum
14.012;Zeus;BRA-0293;Brasil;Riacho de Santana;2.177,00;17;GER SUPRIMENTOS;TEMPORÁRIO;AIR FRANCE;Premium
14.012;Zeus;BRA-2870;Brasil;Lindóia;859;18;LOGISTICA;TERCEIRO;AIR EUROPA;Platinum
14.012;Zeus;BRA-1507;Brasil;Fagundes;2.153,00;3;SEG. SAUDE E MEIO AMBIENTE;TERCEIRO;AZUL LINHAS AÉREAS BRASILEIRAS;Gold
14.012;Zeus;BRA-1444;Brasil;Santa Luzia do Pará;1.483,00;10;SEG. SAUDE E MEIO AMBIENTE;TERCEIRO;LAN CHILE;Premium
14.012;Zeus;BRA-1669;Brasil;Tacaimbó;770;4;TREINAMENTO E DESENV.;COLABORADOR;AZUL LINHAS AÉREAS BRASILEIRAS;Gold
14.012;Zeus;BRA-0815;Brasil;Bom Repouso;1.369,00;11;MANUFATURA;TEMPORÁRIO;AIR CANADÁ;Plus
14.012;Zeus;VEN-3213;Venezuela;San Cristóbal;1.900,00;18;MANUFATURA;TEMPORÁRIO;DELTA AIRLINES;Premium
14.012;Zeus;VEN-3213;Venezuela;San Cristóbal;1.900,00;12;MANUFATURA;TEMPORÁRIO;DELTA AIRLINES;Premium
14.012;Zeus;BRA-0825;Brasil;Bugre;937;19;MANUFATURA;TERCEIRO;PASSAREDO LINHAS AÉREAS;Plus
14.012;Zeus;BRA-2530;Brasil;Frei Rogério;855;5;MANUFATURA;COLABORADOR;TURKISH AIRLINES INC;Plus
14.012;Zeus;BRA-1424;Brasil;Nova Timboteua;1.139,00;2;AUDITORIA;TEMPORÁRIO;AIR EUROPA;Platinum
14.012;Zeus;BRA-1055;Brasil;Monte Azul;2.193,00;8;AUDITORIA;TERCEIRO;AVIANCA;Premium
14.012;Zeus;BRA-1952;Brasil;Pinhal de São Bento;1.480,00;15;MANUFATURA;TERCEIRO;BRITSH AIRWAYS;Plus
14.012;Zeus;VEN-3213;Venezuela;San Cristóbal;1.900,00;2;AUDITORIA;COLABORADOR;AIR EUROPA;Platinum
14.012;Zeus;BRA-2109;Brasil;Lucrécia;970;12;AUDITORIA;COLABORADOR;AIR FRANCE;Premium
14.012;Zeus;BRA-2423;Brasil;São José do Ouro;1.268,00;8;AUDITORIA;COLABORADOR;BRITSH AIRWAYS;Plus
14.012;Zeus;BRA-2498;Brasil;Bom Jardim da Serra;1.984,00;11;AUDITORIA;COLABORADOR;DELTA AIRLINES;Premium
14.012;Zeus;BRA-0508;Brasil;Abadia de Goiás;1.004,00;13;AUDITORIA;TEMPORÁRIO;SETE LINHAS AEREAS S/A;Gold
14.012;Zeus;BRA-2205;Brasil;Alvorada;802;2;AUDITORIA;TEMPORÁRIO;UNITED AIRLINES;Gold
14.012;Zeus;BRA-0568;Brasil;Goiás;1.809,00;18;AUDITORIA;TERCEIRO;UNITED AIRLINES;Gold
14.012;Zeus;BRA-0030;Brasil;Jacuípe;838;4;COMERCIO EXTERIOR;TERCEIRO;AIR EUROPA;Platinum
14.012;Zeus;REI-3208;Reino Unido;Colchester;2.031,00;5;COMERCIO EXTERIOR;TEMPORÁRIO;LUFTHANSA;Gold
14.012;Zeus;BRA-0178;Brasil;Coração de Maria;2.083,00;13;CONTROLADORIA;COLABORADOR;AIR FRANCE;Premium
14.012;Zeus;ARG-3162;Argentina;Buenos Aires;1.923,00;4;CONTROLADORIA;COLABORADOR;AMERICAN AIRLINES;Plus
14.012;Zeus;BRA-1613;Brasil;Camutanga;2.193,00;6;CONTROLADORIA;TEMPORÁRIO;AVIANCA;Premium
14.012;Zeus;BRA-0129;Brasil;Aurelino Leal;1.640,00;5;CONTROLADORIA;TERCEIRO;CHINA EASTERN AIRLINES;Plus
14.012;Zeus;BRA-2453;Brasil;Terra de Areia;1.516,00;8;CONTROLADORIA;COLABORADOR;TAM LINHAS AÉREAS;Gold
14.012;Zeus;BRA-2193;Brasil;Caroebe;1.754,00;15;DESENV. DE EMBALAGENS;COLABORADOR;EMIRATES AIRLINE;Gold
14.012;Zeus;BRA-0622;Brasil;Pirenópolis;1.151,00;6;DESENV. DE EMBALAGENS;TERCEIRO;LUFTHANSA;Gold
14.012;Zeus;CAN-3169;Canadá;Vancouver;1.417,00;10;GER LOGISTICA;COLABORADOR;SETE LINHAS AEREAS S/A;Gold
14.012;Zeus;BRA-2282;Brasil;Farroupilha;2.174,00;16;GARANTIA DA QUALIDADE;COLABORADOR;AIR EUROPA;Platinum
14.012;Zeus;BRA-1218;Brasil;Serrania;1.712,00;7;GARANTIA DA QUALIDADE;TERCEIRO;AVIANCA;Premium
14.012;Zeus;BRA-2165;Brasil;Campo Novo de Rondônia;1.757,00;11;GARANTIA DA QUALIDADE;TEMPORÁRIO;LAN CHILE;Premium
14.012;Zeus;REI-3206;Reino Unido;London;1.650,00;4;GER SUPRIMENTOS;TEMPORÁRIO;GOL LINHAS AÉREAS;Plus
14.012;Zeus;REI-3206;Reino Unido;London;1.650,00;15;GER SUPRIMENTOS;TEMPORÁRIO;GOL LINHAS AÉREAS;Plus
14.012;Zeus;VEN-3213;Venezuela;San Cristóbal;1.900,00;2;GER SUPRIMENTOS;COLABORADOR;PASSAREDO LINHAS AÉREAS;Plus
14.012;Zeus;BRA-1575;Brasil;Seridó;1.047,00;2;LOGISTICA;TEMPORÁRIO;TAP PORTUGAL;Plus
14.012;Zeus;BRA-0845;Brasil;Cantagalo;1.594,00;19;TREINAMENTO E DESENV.;COLABORADOR;AIR CANADÁ;Plus
14.012;Zeus;BRA-1134;Brasil;Resplendor;1.151,00;8;TREINAMENTO E DESENV.;COLABORADOR;AMERICAN AIRLINES;Plus
14.012;Zeus;BRA-1609;Brasil;Cabo de Santo Agostinho;2.027,00;3;TREINAMENTO E DESENV.;TERCEIRO;TURKISH AIRLINES INC;Plus
14.012;Zeus;BRA-1952;Brasil;Pinhal de São Bento;1.480,00;15;MANUFATURA;TERCEIRO;BRITSH AIRWAYS;Plus
14.012;Zeus;DIN-3170;Dinamarca;Kobenhavn;1.132,00;8;MANUFATURA;COLABORADOR;CHINA EASTERN AIRLINES;Plus
14.012;Zeus;BRA-1327;Brasil;Confresa;957;14;MANUFATURA;COLABORADOR;ETIHAD AIRWAYS;Plus
14.012;Zeus;BRA-3089;Brasil;Colméia;1.319,00;12;MANUFATURA;COLABORADOR;LAN CHILE;Premium
14.012;Zeus;VEN-3213;Venezuela;San Cristóbal;1.900,00;11;AUDITORIA;COLABORADOR;AIR EUROPA;Platinum
14.012;Zeus;VEN-3213;Venezuela;San Cristóbal;1.900,00;2;AUDITORIA;COLABORADOR;AIR EUROPA;Platinum
14.012;Zeus;BRA-2109;Brasil;Lucrécia;970;12;AUDITORIA;COLABORADOR;AIR FRANCE;Premium
14.012;Zeus;BRA-1387;Brasil;Anapu;720;19;MANUFATURA;TERCEIRO;AIR CANADÁ;Plus
14.012;Zeus;VEN-3215;Venezuela;Barquisimeto;699;10;MANUFATURA;COLABORADOR;LUFTHANSA;Gold
14.012;Zeus;VEN-3213;Venezuela;San Cristóbal;1.900,00;16;AUDITORIA;TERCEIRO;AEROLINEAS ARGENTINAS;Gold
14.012;Zeus;BRA-1244;Brasil;Ubaí;2.110,00;1;AUDITORIA;TEMPORÁRIO;AVIANCA;Premium
14.012;Zeus;BRA-2627;Brasil;São Lourenço do Oeste;1.915,00;12;AUDITORIA;TEMPORÁRIO;DELTA AIRLINES;Premium
14.012;Zeus;BRA-0027;Brasil;Flexeiras;2.120,00;15;AUDITORIA;TERCEIRO;UNITED AIRLINES;Gold
14.012;Zeus;BRA-2591;Brasil;Paraíso;1.062,00;12;COMERCIO EXTERIOR;COLABORADOR;AIR CHINA;Plus
14.012;Zeus;BRA-2631;Brasil;São Pedro de Alcântara;2.154,00;19;COMERCIO EXTERIOR;TERCEIRO;UNITED AIRLINES;Gold
14.012;Zeus;POR-3205;Portugal;Lisboa;972;2;CONTROLADORIA;COLABORADOR;AIR CHINA;Plus
14.012;Zeus;BRA-0467;Brasil;Aracruz;2.089,00;6;CONTROLADORIA;TERCEIRO;AIR EUROPA;Platinum
14.012;Zeus;DIN-3171;Dinamarca;arhus;961;7;DESENV. DE EMBALAGENS;TEMPORÁRIO;AIR CANADÁ;Plus
14.012;Zeus;BRA-1079;Brasil;Oratórios;1.168,00;17;DESENV. DE EMBALAGENS;TEMPORÁRIO;UNITED AIRLINES;Gold
14.012;Zeus;BRA-0251;Brasil;Macururé;1.097,00;11;ENGENHARIA;TEMPORÁRIO;TAP PORTUGAL;Plus
14.012;Zeus;DIN-3171;Dinamarca;arhus;961;6;GER LOGISTICA;COLABORADOR;CHINA EASTERN AIRLINES;Plus
14.012;Zeus;BRA-1201;Brasil;São Pedro da União;1.831,00;18;LOGISTICA;TEMPORÁRIO;EMIRATES AIRLINE;Gold
14.012;Zeus;BRA-1624;Brasil;Flores;1.989,00;8;SEG. SAUDE E MEIO AMBIENTE;COLABORADOR;AMERICAN AIRLINES;Plus
14.012;Zeus;BRA-0905;Brasil;Delfim Moreira;814;3;SEG. SAUDE E MEIO AMBIENTE;TEMPORÁRIO;AVIANCA;Premium
14.012;Zeus;BRA-1665;Brasil;Serra Talhada;2.094,00;4;SEG. SAUDE E MEIO AMBIENTE;TERCEIRO;CHINA EASTERN AIRLINES;Plus
14.012;Zeus;BRA-1500;Brasil;Cubati;651;16;TREINAMENTO E DESENV.;COLABORADOR;AEROLINEAS ARGENTINAS;Gold
14.012;Zeus;BRA-2224;Brasil;Bossoroca;811;8;TREINAMENTO E DESENV.;COLABORADOR;AIR EUROPA;Platinum
14.012;Zeus;BRA-0755;Brasil;São João do Paraíso;902;18;TREINAMENTO E DESENV.;TERCEIRO;AMERICAN AIRLINES;Plus
14.012;Zeus;BRA-0071;Brasil;Anamã;1.260,00;19;MANUFATURA;TERCEIRO;AIR CANADÁ;Plus
14.012;Zeus;VEN-3215;Venezuela;Barquisimeto;699;17;MANUFATURA;COLABORADOR;LUFTHANSA;Gold
14.012;Zeus;VEN-3215;Venezuela;Barquisimeto;699;10;MANUFATURA;COLABORADOR;LUFTHANSA;Gold
14.012;Zeus;VEN-3213;Venezuela;San Cristóbal;1.900,00;16;AUDITORIA;TERCEIRO;AEROLINEAS ARGENTINAS;Gold
14.012;Zeus;BRA-1244;Brasil;Ubaí;2.110,00;1;AUDITORIA;TEMPORÁRIO;AVIANCA;Premium
14.012;Zeus;BRA-0348;Brasil;Valença;2.034,00;19;MANUFATURA;TERCEIRO;CHINA EASTERN AIRLINES;Plus
14.012;Zeus;BRA-0567;Brasil;Goianira;709;13;MANUFATURA;TEMPORÁRIO;SETE LINHAS AEREAS S/A;Gold
14.012;Zeus;BRA-2681;Brasil;Poço Redondo;1.452,00;17;AUDITORIA;TERCEIRO;TAM LINHAS AÉREAS;Gold
14.012;Zeus;REI-3207;Reino Unido;Cowes;1.633,00;7;COMERCIO EXTERIOR;TERCEIRO;AIR FRANCE;Premium
14.012;Zeus;BRA-1913;Brasil;Leópolis;1.486,00;19;COMERCIO EXTERIOR;TEMPORÁRIO;AMERICAN AIRLINES;Plus
14.012;Zeus;BRA-1476;Brasil;Bernardino Batista;816;8;COMERCIO EXTERIOR;TEMPORÁRIO;AZUL LINHAS AÉREAS BRASILEIRAS;Gold
14.012;Zeus;BRA-2621;Brasil;São Francisco do Sul;827;6;COMERCIO EXTERIOR;TERCEIRO;TAP PORTUGAL;Plus
14.012;Zeus;BRA-1229;Brasil;Taparuba;848;16;COMERCIO EXTERIOR;TEMPORÁRIO;TURKISH AIRLINES INC;Plus
14.012;Zeus;BRA-0355;Brasil;Acarape;1.559,00;4;CONTROLADORIA;TEMPORÁRIO;AEROLINEAS ARGENTINAS;Gold
14.012;Zeus;BRA-2507;Brasil;Canoinhas;1.059,00;14;CONTROLADORIA;COLABORADOR;LAN CHILE;Premium
14.012;Zeus;BRA-0931;Brasil;Extrema;1.809,00;16;CONTROLADORIA;TEMPORÁRIO;TAM LINHAS AÉREAS;Gold
14.012;Zeus;VEN-3216;Venezuela;Ilha de Margarita;1.316,00;11;DESENV. DE EMBALAGENS;COLABORADOR;EMIRATES AIRLINE;Gold
14.012;Zeus;VEN-3216;Venezuela;Ilha de Margarita;1.316,00;2;DESENV. DE EMBALAGENS;COLABORADOR;EMIRATES AIRLINE;Gold
14.012;Zeus;BRA-2889;Brasil;Mirandópolis;1.401,00;15;DESENV. DE EMBALAGENS;TEMPORÁRIO;TAM LINHAS AÉREAS;Gold
14.012;Zeus;BRA-2640;Brasil;Timbó Grande;668;18;ENGENHARIA;TEMPORÁRIO;DELTA AIRLINES;Premium
14.012;Zeus;VEN-3214;Venezuela;Caracas;1.271,00;1;GER LOGISTICA;TERCEIRO;AMERICAN AIRLINES;Plus
14.012;Zeus;BRA-0546;Brasil;Caturaí;756;9;GER LOGISTICA;TEMPORÁRIO;DELTA AIRLINES;Premium
14.012;Zeus;BRA-2068;Brasil;Trajano de Moraes;650;2;GER LOGISTICA;COLABORADOR;GOL LINHAS AÉREAS;Plus
14.012;Zeus;REI-3208;Reino Unido;Colchester;2.031,00;13;GER LOGISTICA;COLABORADOR;TAM LINHAS AÉREAS;Gold
14.012;Zeus;BRA-0897;Brasil;Crisólita;1.768,00;6;GARANTIA DA QUALIDADE;TEMPORÁRIO;AEROLINEAS ARGENTINAS;Gold
14.012;Zeus;BRA-0914;Brasil;Dom Bosco;2.063,00;18;GARANTIA DA QUALIDADE;TEMPORÁRIO;LAN CHILE;Premium
14.012;Zeus;BRA-2946;Brasil;Pirajuí;888;4;GER SUPRIMENTOS;COLABORADOR;AIR FRANCE;Premium
14.012;Zeus;BRA-0097;Brasil;Rio Preto da Eva;2.035,00;5;GER SUPRIMENTOS;COLABORADOR;AVIANCA;Premium
14.012;Zeus;BRA-0755;Brasil;São João do Paraíso;902;3;GER SUPRIMENTOS;TEMPORÁRIO;AZUL LINHAS AÉREAS BRASILEIRAS;Gold
14.012;Zeus;BRA-0423;Brasil;Milhã;760;16;GER SUPRIMENTOS;TERCEIRO;PASSAREDO LINHAS AÉREAS;Plus
14.012;Zeus;CAN-3169;Canadá;Vancouver;1.417,00;9;LOGISTICA;TERCEIRO;AIR EUROPA;Platinum
14.012;Zeus;CAN-3169;Canadá;Vancouver;1.417,00;5;LOGISTICA;TERCEIRO;AIR EUROPA;Platinum
14.012;Zeus;BRA-2933;Brasil;Paulo de Faria;1.903,00;12;TREINAMENTO E DESENV.;COLABORADOR;BRITSH AIRWAYS;Plus
14.012;Zeus;BRA-0438;Brasil;Piquet Carneiro;1.063,00;7;TREINAMENTO E DESENV.;TERCEIRO;DELTA AIRLINES;Premium
14.012;Zeus;BRA-0573;Brasil;Inaciolândia;1.703,00;18;TREINAMENTO E DESENV.;COLABORADOR;EMIRATES AIRLINE;Gold
14.012;Zeus;BRA-0592;Brasil;Mambaí;1.278,00;19;TREINAMENTO E DESENV.;TERCEIRO;SETE LINHAS AEREAS S/A;Gold
14.012;Zeus;BRA-0765;Brasil;Sucupira do Riachão;935;10;MANUFATURA;TERCEIRO;AIR FRANCE;Premium
14.012;Zeus;BRA-1307;Brasil;Sete Quedas;789;9;MANUFATURA;COLABORADOR;AMERICAN AIRLINES;Plus
14.012;Zeus;BRA-0348;Brasil;Valença;2.034,00;19;MANUFATURA;TERCEIRO;CHINA EASTERN AIRLINES;Plus
14.012;Zeus;BRA-2299;Brasil;Gramado dos Loureiros;2.017,00;2;MANUFATURA;TERCEIRO;ETIHAD AIRWAYS;Plus
14.012;Zeus;BRA-1382;Brasil;Acará;2.078,00;16;MANUFATURA;TEMPORÁRIO;PASSAREDO LINHAS AÉREAS;Plus
14.012;Zeus;BRA-0567;Brasil;Goianira;709;13;MANUFATURA;TEMPORÁRIO;SETE LINHAS AEREAS S/A;Gold
14.012;Zeus;BRA-3023;Brasil;São Roque;2.115,00;6;AUDITORIA;TERCEIRO;AEROLINEAS ARGENTINAS;Gold
14.012;Zeus;BRA-2675;Brasil;Muribeca;1.117,00;14;AUDITORIA;TERCEIRO;AIR FRANCE;Premium
14.012;Zeus;DIN-3171;Dinamarca;arhus;961;15;MANUFATURA;TERCEIRO;AMERICAN AIRLINES;Plus
14.012;Zeus;DIN-3171;Dinamarca;arhus;961;12;MANUFATURA;TERCEIRO;AMERICAN AIRLINES;Plus
14.012;Zeus;DIN-3171;Dinamarca;arhus;961;12;MANUFATURA;TERCEIRO;AMERICAN AIRLINES;Plus
14.012;Zeus;BRA-2328;Brasil;Linha Nova;748;20;MANUFATURA;TERCEIRO;DELTA AIRLINES;Premium
14.012;Zeus;CAN-3167;Canadá;Montréal;1.454,00;15;MANUFATURA;COLABORADOR;TURKISH AIRLINES INC;Plus
14.012;Zeus;CAN-3167;Canadá;Montréal;1.454,00;12;MANUFATURA;COLABORADOR;TURKISH AIRLINES INC;Plus
14.012;Zeus;BRA-2887;Brasil;Mira Estrela;1.377,00;1;AUDITORIA;TEMPORÁRIO;EMIRATES AIRLINE;Gold
14.012;Zeus;BRA-1663;Brasil;São José da Coroa Grande;1.793,00;2;AUDITORIA;COLABORADOR;TAM LINHAS AÉREAS;Gold
14.012;Zeus;BRA-2461;Brasil;Tupanci do Sul;1.554,00;19;COMERCIO EXTERIOR;COLABORADOR;BRITSH AIRWAYS;Plus
14.012;Zeus;BRA-0883;Brasil;Conceição do Rio Verde;711;16;COMERCIO EXTERIOR;TERCEIRO;DELTA AIRLINES;Premium
14.012;Zeus;BRA-0465;Brasil;Anchieta;2.049,00;12;CONTROLADORIA;COLABORADOR;CHINA EASTERN AIRLINES;Plus
14.012;Zeus;BRA-0881;Brasil;Conceição do Mato Dentro;1.623,00;17;CONTROLADORIA;COLABORADOR;CHINA EASTERN AIRLINES;Plus
14.012;Zeus;BRA-0726;Brasil;Parnarama;1.254,00;5;DESENV. DE EMBALAGENS;TERCEIRO;BRITSH AIRWAYS;Plus
14.012;Zeus;BEL-3165;Bélgica;Charleroi;2.119,00;4;DESENV. DE EMBALAGENS;COLABORADOR;PASSAREDO LINHAS AÉREAS;Plus
14.012;Zeus;BEL-3165;Bélgica;Charleroi;2.119,00;10;DESENV. DE EMBALAGENS;COLABORADOR;PASSAREDO LINHAS AÉREAS;Plus
14.012;Zeus;BRA-0767;Brasil;Timon;1.799,00;15;ENGENHARIA;TERCEIRO;AIR CANADÁ;Plus
14.012;Zeus;BRA-1115;Brasil;Pirapetinga;697;14;ENGENHARIA;COLABORADOR;CHINA EASTERN AIRLINES;Plus
14.012;Zeus;BRA-0400;Brasil;Independência;1.737,00;3;GARANTIA DA QUALIDADE;TERCEIRO;AIR CANADÁ;Plus
14.012;Zeus;BRA-2988;Brasil;Santa Cruz da Conceição;808;12;GARANTIA DA QUALIDADE;COLABORADOR;AVIANCA;Premium
14.012;Zeus;ARG-3162;Argentina;Buenos Aires;1.923,00;19;GARANTIA DA QUALIDADE;TEMPORÁRIO;EMIRATES AIRLINE;Gold
14.012;Zeus;REI-3208;Reino Unido;Colchester;2.031,00;17;GARANTIA DA QUALIDADE;TEMPORÁRIO;PASSAREDO LINHAS AÉREAS;Plus
14.012;Zeus;BRA-1414;Brasil;Irituia;675;20;GER SUPRIMENTOS;COLABORADOR;LAN CHILE;Premium
14.012;Zeus;BRA-1697;Brasil;Bela Vista do Piauí;846;8;GER SUPRIMENTOS;COLABORADOR;TAP PORTUGAL;Plus
14.012;Zeus;BRA-2105;Brasil;Jucurutu;1.971,00;19;TREINAMENTO E DESENV.;TEMPORÁRIO;AIR CANADÁ;Plus
14.012;Zeus;BRA-2492;Brasil;Balneário Rincão;2.074,00;4;TREINAMENTO E DESENV.;COLABORADOR;TAM LINHAS AÉREAS;Gold
14.012;Zeus;DIN-3171;Dinamarca;arhus;961;15;MANUFATURA;TERCEIRO;AMERICAN AIRLINES;Plus
14.012;Zeus;DIN-3171;Dinamarca;arhus;961;19;MANUFATURA;TERCEIRO;AMERICAN AIRLINES;Plus
14.012;Zeus;DIN-3171;Dinamarca;arhus;961;12;MANUFATURA;TERCEIRO;AMERICAN AIRLINES;Plus
14.012;Zeus;BRA-0770;Brasil;Turilândia;1.405,00;3;MANUFATURA;TEMPORÁRIO;CHINA EASTERN AIRLINES;Plus
14.012;Zeus;BRA-2328;Brasil;Linha Nova;748;20;MANUFATURA;TERCEIRO;DELTA AIRLINES;Premium
14.012;Zeus;BRA-1960;Brasil;Primeiro de Maio;860;4;MANUFATURA;TEMPORÁRIO;GOL LINHAS AÉREAS;Plus
14.012;Zeus;CAN-3167;Canadá;Montréal;1.454,00;15;MANUFATURA;COLABORADOR;TURKISH AIRLINES INC;Plus
14.012;Zeus;CAN-3167;Canadá;Montréal;1.454,00;16;MANUFATURA;COLABORADOR;TURKISH AIRLINES INC;Plus
14.012;Zeus;CAN-3167;Canadá;Montréal;1.454,00;12;MANUFATURA;COLABORADOR;TURKISH AIRLINES INC;Plus
14.012;Zeus;BRA-1428;Brasil;Pacajá;1.097,00;1;AUDITORIA;TERCEIRO;AIR FRANCE;Premium
14.012;Zeus;BRA-0076;Brasil;Boa Vista do Ramos;1.895,00;6;MANUFATURA;TEMPORÁRIO;UNITED AIRLINES;Gold
14.012;Zeus;BRA-2049;Brasil;Pinheiral;1.745,00;14;COMERCIO EXTERIOR;TEMPORÁRIO;PASSAREDO LINHAS AÉREAS;Plus
14.012;Zeus;VEN-3214;Venezuela;Caracas;1.271,00;13;COMERCIO EXTERIOR;TEMPORÁRIO;TAP PORTUGAL;Plus
14.012;Zeus;BRA-1207;Brasil;São Tiago;1.723,00;9;CONTROLADORIA;TERCEIRO;AEROLINEAS ARGENTINAS;Gold
14.012;Zeus;BRA-2255;Brasil;Coxilha;1.624,00;17;CONTROLADORIA;TERCEIRO;EMIRATES AIRLINE;Gold
14.012;Zeus;BRA-2281;Brasil;Fagundes Varela;1.778,00;7;DESENV. DE EMBALAGENS;COLABORADOR;ETIHAD AIRWAYS;Plus
14.012;Zeus;BRA-1265;Brasil;Angélica;829;19;DESENV. DE EMBALAGENS;COLABORADOR;TAM LINHAS AÉREAS;Gold
14.012;Zeus;BRA-0277;Brasil;Pedro Alexandre;2.006,00;11;ENGENHARIA;TERCEIRO;AIR FRANCE;Premium
14.012;Zeus;BRA-2636;Brasil;Taió;1.792,00;14;ENGENHARIA;TEMPORÁRIO;LUFTHANSA;Gold
14.012;Zeus;BRA-2431;Brasil;São Paulo das Missões;854;13;GER LOGISTICA;TERCEIRO;AEROLINEAS ARGENTINAS;Gold
14.012;Zeus;BRA-0305;Brasil;Santa Inês;1.526,00;6;GER LOGISTICA;COLABORADOR;AMERICAN AIRLINES;Plus
14.012;Zeus;BRA-1601;Brasil;Barra de Guabiraba;1.822,00;7;GARANTIA DA QUALIDADE;TEMPORÁRIO;UNITED AIRLINES;Gold
14.012;Zeus;BRA-0325;Brasil;Serrinha;2.107,00;9;GER SUPRIMENTOS;TERCEIRO;BRITSH AIRWAYS;Plus
14.012;Zeus;BRA-0495;Brasil;Ponto Belo;1.038,00;19;GER SUPRIMENTOS;TERCEIRO;DELTA AIRLINES;Premium
14.012;Zeus;VEN-3214;Venezuela;Caracas;1.271,00;3;GER SUPRIMENTOS;TERCEIRO;ETIHAD AIRWAYS;Plus
14.012;Zeus;BRA-1381;Brasil;Abaetetuba;1.120,00;14;GER SUPRIMENTOS;TERCEIRO;GOL LINHAS AÉREAS;Plus
14.012;Zeus;BRA-1154;Brasil;Santa Cruz de Minas;1.017,00;1;GER SUPRIMENTOS;COLABORADOR;LUFTHANSA;Gold
14.012;Zeus;BRA-2501;Brasil;Botuverá;865;10;GER SUPRIMENTOS;TEMPORÁRIO;SETE LINHAS AEREAS S/A;Gold
14.012;Zeus;BRA-3023;Brasil;São Roque;2.115,00;17;GER SUPRIMENTOS;TERCEIRO;TURKISH AIRLINES INC;Plus
14.012;Zeus;BRA-2217;Brasil;Barra Funda;825;10;SEG. SAUDE E MEIO AMBIENTE;TEMPORÁRIO;DELTA AIRLINES;Premium
14.012;Zeus;BRA-2560;Brasil;Joinville;918;18;TREINAMENTO E DESENV.;TEMPORÁRIO;SETE LINHAS AEREAS S/A;Gold
14.012;Zeus;BRA-2991;Brasil;Santa Ernestina;1.877,00;7;TREINAMENTO E DESENV.;TERCEIRO;SETE LINHAS AEREAS S/A;Gold
14.012;Zeus;BRA-1411;Brasil;Igarapé-Mirim;1.932,00;12;MANUFATURA;TERCEIRO;LUFTHANSA;Gold
14.012;Zeus;BRA-0076;Brasil;Boa Vista do Ramos;1.895,00;6;MANUFATURA;TEMPORÁRIO;UNITED AIRLINES;Gold
14.012;Zeus;BRA-0755;Brasil;São João do Paraíso;902;12;AUDITORIA;TERCEIRO;AEROLINEAS ARGENTINAS;Gold
14.012;Zeus;VEN-3215;Venezuela;Barquisimeto;699;18;MANUFATURA;TEMPORÁRIO;LAN CHILE;Premium
14.012;Zeus;BRA-2521;Brasil;Descanso;842;1;AUDITORIA;TEMPORÁRIO;BRITSH AIRWAYS;Plus
14.012;Zeus;BRA-1681;Brasil;Vertente do Lério;1.884,00;16;AUDITORIA;TEMPORÁRIO;ETIHAD AIRWAYS;Plus
14.012;Zeus;BRA-2774;Brasil;Coronel Macedo;995;17;AUDITORIA;TERCEIRO;TAM LINHAS AÉREAS;Gold
14.012;Zeus;BRA-1890;Brasil;Iguaraçu;1.769,00;12;AUDITORIA;TEMPORÁRIO;TURKISH AIRLINES INC;Plus
14.012;Zeus;BRA-1651;Brasil;Quipapá;2.139,00;12;CONTROLADORIA;COLABORADOR;AIR CHINA;Plus
14.012;Zeus;BRA-0511;Brasil;Água Fria de Goiás;1.033,00;14;CONTROLADORIA;TEMPORÁRIO;ETIHAD AIRWAYS;Plus
14.012;Zeus;BRA-0476;Brasil;Fundão;1.069,00;16;CONTROLADORIA;TEMPORÁRIO;GOL LINHAS AÉREAS;Plus
14.012;Zeus;BRA-2638;Brasil;Timbé do Sul;1.471,00;2;CONTROLADORIA;COLABORADOR;LAN CHILE;Premium
14.012;Zeus;BRA-1458;Brasil;Tomé-Açu;1.069,00;1;DESENV. DE EMBALAGENS;TEMPORÁRIO;SETE LINHAS AEREAS S/A;Gold
14.012;Zeus;BRA-2870;Brasil;Lindóia;859;13;ENGENHARIA;TEMPORÁRIO;AEROLINEAS ARGENTINAS;Gold
14.012;Zeus;REI-3207;Reino Unido;Cowes;1.633,00;16;ENGENHARIA;COLABORADOR;DELTA AIRLINES;Premium
14.012;Zeus;BRA-1222;Brasil;Silveirânia;1.683,00;16;ENGENHARIA;COLABORADOR;LAN CHILE;Premium
14.012;Zeus;BRA-1223;Brasil;Silvianópolis;838;3;ENGENHARIA;COLABORADOR;LAN CHILE;Premium
14.012;Zeus;BRA-1225;Brasil;Simonésia;1.485,00;2;ENGENHARIA;COLABORADOR;LAN CHILE;Premium
14.012;Zeus;BRA-0459;Brasil;Uruburetama;941;19;GER LOGISTICA;COLABORADOR;AEROLINEAS ARGENTINAS;Gold
14.012;Zeus;BRA-0146;Brasil;Botuporã;2.042,00;4;GER LOGISTICA;COLABORADOR;AVIANCA;Premium
14.012;Zeus;BRA-0944;Brasil;Frei Lagonegro;1.703,00;12;GER LOGISTICA;COLABORADOR;AVIANCA;Premium
14.012;Zeus;VEN-3213;Venezuela;San Cristóbal;1.900,00;12;GER LOGISTICA;TERCEIRO;BRITSH AIRWAYS;Plus
14.012;Zeus;BRA-2564;Brasil;Lages;1.899,00;19;GARANTIA DA QUALIDADE;COLABORADOR;AMERICAN AIRLINES;Plus
14.012;Zeus;BRA-1256;Brasil;Vespasiano;1.577,00;8;GER SUPRIMENTOS;TEMPORÁRIO;AMERICAN AIRLINES;Plus
14.012;Zeus;BRA-1588;Brasil;Umbuzeiro;2.144,00;17;GER SUPRIMENTOS;TERCEIRO;AVIANCA;Premium
14.012;Zeus;BRA-2437;Brasil;São Valentim;1.612,00;18;GER SUPRIMENTOS;COLABORADOR;ETIHAD AIRWAYS;Plus
14.012;Zeus;ARG-3162;Argentina;Buenos Aires;1.923,00;17;GER SUPRIMENTOS;COLABORADOR;GOL LINHAS AÉREAS;Plus
14.012;Zeus;ARG-3162;Argentina;Buenos Aires;1.923,00;17;GER SUPRIMENTOS;COLABORADOR;GOL LINHAS AÉREAS;Plus
14.012;Zeus;BRA-0922;Brasil;Engenheiro Navarro;1.049,00;9;LOGISTICA;COLABORADOR;DELTA AIRLINES;Premium
14.012;Zeus;CAN-3169;Canadá;Vancouver;1.417,00;19;TREINAMENTO E DESENV.;TERCEIRO;ETIHAD AIRWAYS;Plus
14.012;Zeus;CAN-3169;Canadá;Vancouver;1.417,00;12;TREINAMENTO E DESENV.;TERCEIRO;ETIHAD AIRWAYS;Plus
14.012;Zeus;BRA-2653;Brasil;Aquidabã;907;17;TREINAMENTO E DESENV.;TEMPORÁRIO;LUFTHANSA;Gold
14.012;Zeus;BRA-0115;Brasil;Alagoinhas;1.421,00;1;MANUFATURA;TERCEIRO;BRITSH AIRWAYS;Plus
14.012;Zeus;BRA-0896;Brasil;Couto de Magalhães de Minas;2.006,00;17;MANUFATURA;COLABORADOR;CHINA EASTERN AIRLINES;Plus
14.012;Zeus;VEN-3215;Venezuela;Barquisimeto;699;18;MANUFATURA;TEMPORÁRIO;LAN CHILE;Premium
14.012;Zeus;BRA-1813;Brasil;Alto Paraná;1.938,00;5;MANUFATURA;COLABORADOR;LUFTHANSA;Gold
14.012;Zeus;REI-3207;Reino Unido;Cowes;1.633,00;20;AUDITORIA;TERCEIRO;AIR CANADÁ;Plus
14.012;Zeus;BRA-2054;Brasil;Rio Claro;1.270,00;19;AUDITORIA;TEMPORÁRIO;AIR EUROPA;Platinum
14.012;Zeus;BRA-2703;Brasil;Álvaro de Carvalho;755;6;MANUFATURA;TEMPORÁRIO;AZUL LINHAS AÉREAS BRASILEIRAS;Gold
14.012;Zeus;BRA-2413;Brasil;Santana do Livramento;2.156,00;13;MANUFATURA;TERCEIRO;TAM LINHAS AÉREAS;Gold
14.012;Zeus;VEN-3216;Venezuela;Ilha de Margarita;1.316,00;7;AUDITORIA;TERCEIRO;CHINA EASTERN AIRLINES;Plus
14.012;Zeus;BRA-0427;Brasil;Morrinhos;2.067,00;13;CONTROLADORIA;COLABORADOR;AIR FRANCE;Premium
14.012;Zeus;BRA-0633;Brasil;Santa Rita do Novo Destino;829;6;CONTROLADORIA;COLABORADOR;AIR FRANCE;Premium
14.012;Zeus;VEN-3213;Venezuela;San Cristóbal;1.900,00;5;CONTROLADORIA;TEMPORÁRIO;EMIRATES AIRLINE;Gold
14.012;Zeus;BRA-0689;Brasil;Codó;692;15;DESENV. DE EMBALAGENS;TEMPORÁRIO;AIR CANADÁ;Plus
14.012;Zeus;BRA-0522;Brasil;Araguapaz;1.423,00;3;DESENV. DE EMBALAGENS;TERCEIRO;AIR CHINA;Plus
14.012;Zeus;BRA-1545;Brasil;Pilões;1.803,00;18;DESENV. DE EMBALAGENS;TEMPORÁRIO;AVIANCA;Premium
14.012;Zeus;BRA-1313;Brasil;Alto Paraguai;1.739,00;15;DESENV. DE EMBALAGENS;COLABORADOR;BRITSH AIRWAYS;Plus
14.012;Zeus;BRA-0589;Brasil;Lagoa Santa;1.641,00;3;GER LOGISTICA;TEMPORÁRIO;AVIANCA;Premium
14.012;Zeus;BRA-1274;Brasil;Camapuã;1.418,00;15;GER LOGISTICA;TERCEIRO;UNITED AIRLINES;Gold
14.012;Zeus;BRA-0940;Brasil;Fortuna de Minas;964;16;GARANTIA DA QUALIDADE;TEMPORÁRIO;AVIANCA;Premium
14.012;Zeus;BRA-2310;Brasil;Ilópolis;2.121,00;3;GER SUPRIMENTOS;COLABORADOR;AIR CANADÁ;Plus
14.012;Zeus;BRA-0213;Brasil;Iguaí;2.086,00;9;GER SUPRIMENTOS;COLABORADOR;CHINA EASTERN AIRLINES;Plus
14.012;Zeus;BRA-1290;Brasil;Japorã;948;7;GER SUPRIMENTOS;TEMPORÁRIO;DELTA AIRLINES;Premium
14.012;Zeus;BRA-0716;Brasil;Mirador;1.143,00;20;SEG. SAUDE E MEIO AMBIENTE;TEMPORÁRIO;CHINA EASTERN AIRLINES;Plus
14.012;Zeus;REI-3206;Reino Unido;London;1.650,00;8;SEG. SAUDE E MEIO AMBIENTE;COLABORADOR;UNITED AIRLINES;Gold
14.012;Zeus;BRA-1280;Brasil;Coxim;2.155,00;8;TREINAMENTO E DESENV.;COLABORADOR;PASSAREDO LINHAS AÉREAS;Plus
14.012;Zeus;REI-3206;Reino Unido;London;1.650,00;7;TREINAMENTO E DESENV.;COLABORADOR;UNITED AIRLINES;Gold
14.012;Zeus;BRA-2703;Brasil;Álvaro de Carvalho;755;6;MANUFATURA;TEMPORÁRIO;AZUL LINHAS AÉREAS BRASILEIRAS;Gold
14.012;Zeus;BRA-0889;Brasil;Cordisburgo;1.157,00;20;MANUFATURA;TEMPORÁRIO;BRITSH AIRWAYS;Plus
14.012;Zeus;BRA-0802;Brasil;Barão de Monte Alto;1.882,00;9;MANUFATURA;TEMPORÁRIO;EMIRATES AIRLINE;Gold
14.012;Zeus;BRA-2413;Brasil;Santana do Livramento;2.156,00;13;MANUFATURA;TERCEIRO;TAM LINHAS AÉREAS;Gold
14.012;Zeus;BRA-2146;Brasil;São Vicente;1.652,00;2;MANUFATURA;TEMPORÁRIO;DELTA AIRLINES;Premium
14.012;Zeus;BRA-0209;Brasil;Ibotirama;777;12;AUDITORIA;TERCEIRO;LAN CHILE;Premium
14.012;Zeus;BRA-2749;Brasil;Caieiras;1.744,00;14;AUDITORIA;COLABORADOR;SETE LINHAS AEREAS S/A;Gold
14.012;Zeus;VEN-3215;Venezuela;Barquisimeto;699;11;AUDITORIA;COLABORADOR;TAM LINHAS AÉREAS;Gold
14.012;Zeus;VEN-3215;Venezuela;Barquisimeto;699;14;AUDITORIA;COLABORADOR;TAM LINHAS AÉREAS;Gold
14.012;Zeus;BRA-0113;Brasil;Serra do Navio;851;5;CONTROLADORIA;COLABORADOR;AEROLINEAS ARGENTINAS;Gold
14.012;Zeus;BRA-3067;Brasil;Votorantim;844;7;CONTROLADORIA;TEMPORÁRIO;CHINA EASTERN AIRLINES;Plus
14.012;Zeus;FRA-3192;França;Nantes;1.442,00;1;CONTROLADORIA;COLABORADOR;ETIHAD AIRWAYS;Plus
14.012;Zeus;REI-3208;Reino Unido;Colchester;2.031,00;3;DESENV. DE EMBALAGENS;TERCEIRO;AMERICAN AIRLINES;Plus
14.012;Zeus;REI-3208;Reino Unido;Colchester;2.031,00;7;DESENV. DE EMBALAGENS;TERCEIRO;AMERICAN AIRLINES;Plus
14.012;Zeus;BRA-2573;Brasil;Matos Costa;1.354,00;20;DESENV. DE EMBALAGENS;TEMPORÁRIO;AMERICAN AIRLINES;Plus
14.012;Zeus;VEN-3216;Venezuela;Ilha de Margarita;1.316,00;12;DESENV. DE EMBALAGENS;TEMPORÁRIO;AZUL LINHAS AÉREAS BRASILEIRAS;Gold
14.012;Zeus;ARG-3162;Argentina;Buenos Aires;1.923,00;6;DESENV. DE EMBALAGENS;COLABORADOR;EMIRATES AIRLINE;Gold
14.012;Zeus;BRA-0503;Brasil;Sooretama;1.229,00;15;DESENV. DE EMBALAGENS;TERCEIRO;TAM LINHAS AÉREAS;Gold
14.012;Zeus;BRA-0574;Brasil;Indiara;1.560,00;1;DESENV. DE EMBALAGENS;TEMPORÁRIO;UNITED AIRLINES;Gold
14.012;Zeus;REI-3206;Reino Unido;London;1.650,00;4;ENGENHARIA;TERCEIRO;AVIANCA;Premium
14.012;Zeus;BRA-1473;Brasil;Bayeux;1.634,00;8;ENGENHARIA;TERCEIRO;BRITSH AIRWAYS;Plus
14.012;Zeus;BRA-2430;Brasil;São Nicolau;1.369,00;3;ENGENHARIA;TEMPORÁRIO;DELTA AIRLINES;Premium
14.012;Zeus;NOR-3203;Noruega;Stavern;1.995,00;2;ENGENHARIA;TEMPORÁRIO;PASSAREDO LINHAS AÉREAS;Plus
14.012;Zeus;DIN-3170;Dinamarca;Kobenhavn;1.132,00;10;ENGENHARIA;COLABORADOR;TAM LINHAS AÉREAS;Gold
14.012;Zeus;BRA-0209;Brasil;Ibotirama;777;16;GER LOGISTICA;COLABORADOR;AIR FRANCE;Premium
14.012;Zeus;BRA-2008;Brasil;Siqueira Campos;668;2;GER LOGISTICA;TERCEIRO;AIR FRANCE;Premium
14.012;Zeus;BRA-2766;Brasil;Cerqueira César;790;10;GER LOGISTICA;COLABORADOR;EMIRATES AIRLINE;Gold
14.012;Zeus;DIN-3171;Dinamarca;arhus;961;9;GER LOGISTICA;TERCEIRO;SETE LINHAS AEREAS S/A;Gold
14.012;Zeus;BRA-0381;Brasil;Crato;1.397,00;4;GER SUPRIMENTOS;TERCEIRO;ETIHAD AIRWAYS;Plus
14.012;Zeus;BRA-0716;Brasil;Mirador;1.143,00;9;LOGISTICA;TEMPORÁRIO;UNITED AIRLINES;Gold
14.012;Zeus;REI-3206;Reino Unido;London;1.650,00;10;SEG. SAUDE E MEIO AMBIENTE;TERCEIRO;AVIANCA;Premium
14.012;Zeus;BRA-2267;Brasil;Encantado;1.539,00;1;TREINAMENTO E DESENV.;COLABORADOR;EMIRATES AIRLINE;Gold
14.012;Zeus;BRA-2462;Brasil;Tuparendi;1.594,00;17;TREINAMENTO E DESENV.;COLABORADOR;GOL LINHAS AÉREAS;Plus
14.012;Zeus;BRA-1745;Brasil;João Costa;2.012,00;9;MANUFATURA;TEMPORÁRIO;AIR EUROPA;Platinum
14.012;Zeus;BRA-1570;Brasil;São José dos Ramos;1.678,00;6;MANUFATURA;COLABORADOR;AIR FRANCE;Premium
14.012;Zeus;VEN-3216;Venezuela;Ilha de Margarita;1.316,00;12;MANUFATURA;TEMPORÁRIO;DELTA AIRLINES;Premium
14.012;Zeus;BRA-2146;Brasil;São Vicente;1.652,00;2;MANUFATURA;TEMPORÁRIO;DELTA AIRLINES;Premium
14.012;Zeus;BRA-1432;Brasil;Peixe-Boi;1.534,00;10;MANUFATURA;TERCEIRO;AIR CANADÁ;Plus
14.012;Zeus;BRA-1161;Brasil;Santa Rita de Ibitipoca;1.321,00;6;MANUFATURA;TERCEIRO;AMERICAN AIRLINES;Plus
14.012;Zeus;BRA-2537;Brasil;Ibiam;661;12;AUDITORIA;TEMPORÁRIO;AEROLINEAS ARGENTINAS;Gold
14.012;Zeus;BRA-2148;Brasil;Serra Caiada;1.336,00;3;AUDITORIA;TERCEIRO;TAM LINHAS AÉREAS;Gold
14.012;Zeus;BRA-1094;Brasil;Passa Tempo;1.554,00;5;COMERCIO EXTERIOR;TEMPORÁRIO;AIR FRANCE;Premium
14.012;Zeus;BRA-1370;Brasil;Santa Terezinha;2.012,00;15;COMERCIO EXTERIOR;TEMPORÁRIO;PASSAREDO LINHAS AÉREAS;Plus
14.012;Zeus;BRA-2373;Brasil;Picada Café;1.751,00;12;COMERCIO EXTERIOR;COLABORADOR;TURKISH AIRLINES INC;Plus
14.012;Zeus;CAN-3168;Canadá;Tsawassen;1.819,00;16;COMERCIO EXTERIOR;COLABORADOR;TURKISH AIRLINES INC;Plus
14.012;Zeus;BEL-3165;Bélgica;Charleroi;2.119,00;4;CONTROLADORIA;TERCEIRO;AVIANCA;Premium
14.012;Zeus;BRA-1546;Brasil;Pilõezinhos;1.904,00;18;CONTROLADORIA;COLABORADOR;PASSAREDO LINHAS AÉREAS;Plus
14.012;Zeus;BRA-2877;Brasil;Magda;1.297,00;16;DESENV. DE EMBALAGENS;COLABORADOR;AZUL LINHAS AÉREAS BRASILEIRAS;Gold
14.012;Zeus;BRA-1961;Brasil;Prudentópolis;821;16;ENGENHARIA;TEMPORÁRIO;AEROLINEAS ARGENTINAS;Gold
14.012;Zeus;BRA-0357;Brasil;Aiuaba;872;10;ENGENHARIA;TEMPORÁRIO;GOL LINHAS AÉREAS;Plus
14.012;Zeus;BRA-0928;Brasil;Estrela Dalva;1.427,00;18;ENGENHARIA;TEMPORÁRIO;TURKISH AIRLINES INC;Plus
14.012;Zeus;BRA-1714;Brasil;Castelo do Piauí;1.361,00;20;GER LOGISTICA;TEMPORÁRIO;AMERICAN AIRLINES;Plus
14.012;Zeus;BRA-0287;Brasil;Prado;984;13;GER LOGISTICA;COLABORADOR;CHINA EASTERN AIRLINES;Plus
14.012;Zeus;BRA-0791;Brasil;Araçuaí;1.585,00;17;GER LOGISTICA;COLABORADOR;GOL LINHAS AÉREAS;Plus
14.012;Zeus;BRA-1587;Brasil;Triunfo;798;5;GER LOGISTICA;TEMPORÁRIO;TAM LINHAS AÉREAS;Gold
14.012;Zeus;BRA-2474;Brasil;Westfália;1.705,00;3;GER LOGISTICA;TERCEIRO;TAP PORTUGAL;Plus
14.012;Zeus;VEN-3214;Venezuela;Caracas;1.271,00;8;GARANTIA DA QUALIDADE;COLABORADOR;AVIANCA;Premium
14.012;Zeus;CAN-3167;Canadá;Montréal;1.454,00;17;GARANTIA DA QUALIDADE;COLABORADOR;EMIRATES AIRLINE;Gold
14.012;Zeus;BRA-3060;Brasil;Valparaíso;878;9;GARANTIA DA QUALIDADE;TERCEIRO;PASSAREDO LINHAS AÉREAS;Plus
14.012;Zeus;BRA-0907;Brasil;Diamantina;1.198,00;19;GER SUPRIMENTOS;TERCEIRO;AEROLINEAS ARGENTINAS;Gold
14.012;Zeus;BRA-0771;Brasil;Tutóia;872;18;GER SUPRIMENTOS;TERCEIRO;AEROLINEAS ARGENTINAS;Gold
14.012;Zeus;CAN-3168;Canadá;Tsawassen;1.819,00;10;GER SUPRIMENTOS;TERCEIRO;AMERICAN AIRLINES;Plus
14.012;Zeus;CAN-3168;Canadá;Tsawassen;1.819,00;20;GER SUPRIMENTOS;TERCEIRO;AMERICAN AIRLINES;Plus
14.012;Zeus;BRA-0469;Brasil;Baixo Guandu;1.346,00;13;GER SUPRIMENTOS;TEMPORÁRIO;BRITSH AIRWAYS;Plus
14.012;Zeus;BRA-2834;Brasil;Irapuã;1.540,00;15;GER SUPRIMENTOS;COLABORADOR;BRITSH AIRWAYS;Plus
14.012;Zeus;BRA-2429;Brasil;São Miguel das Missões;1.713,00;15;LOGISTICA;TERCEIRO;AIR EUROPA;Platinum
14.012;Zeus;BRA-1656;Brasil;Saloá;1.144,00;4;LOGISTICA;COLABORADOR;ETIHAD AIRWAYS;Plus
14.012;Zeus;BRA-2860;Brasil;Júlio Mesquita;955;12;SEG. SAUDE E MEIO AMBIENTE;TERCEIRO;AEROLINEAS ARGENTINAS;Gold
14.012;Zeus;BRA-1353;Brasil;Novo São Joaquim;2.026,00;6;SEG. SAUDE E MEIO AMBIENTE;TERCEIRO;AVIANCA;Premium
14.012;Zeus;BRA-0147;Brasil;Brumado;1.121,00;5;SEG. SAUDE E MEIO AMBIENTE;TEMPORÁRIO;DELTA AIRLINES;Premium
14.012;Zeus;BRA-1318;Brasil;Aripuanã;1.963,00;10;MANUFATURA;TERCEIRO;AIR CANADÁ;Plus
14.012;Zeus;BRA-0843;Brasil;Canaã;1.962,00;2;MANUFATURA;COLABORADOR;AIR EUROPA;Platinum
14.012;Zeus;BRA-1161;Brasil;Santa Rita de Ibitipoca;1.321,00;6;MANUFATURA;TERCEIRO;AMERICAN AIRLINES;Plus
14.012;Zeus;BRA-0931;Brasil;Extrema;1.809,00;6;MANUFATURA;COLABORADOR;AZUL LINHAS AÉREAS BRASILEIRAS;Gold
14.012;Zeus;BRA-2537;Brasil;Ibiam;661;12;AUDITORIA;TEMPORÁRIO;AEROLINEAS ARGENTINAS;Gold
14.012;Zeus;BRA-2226;Brasil;Braga;832;14;MANUFATURA;COLABORADOR;AMERICAN AIRLINES;Plus
14.012;Zeus;BRA-1635;Brasil;Joaquim Nabuco;808;14;MANUFATURA;TEMPORÁRIO;TAP PORTUGAL;Plus
14.012;Zeus;POR-3205;Portugal;Lisboa;972;1;AUDITORIA;TERCEIRO;UNITED AIRLINES;Gold
14.012;Zeus;POR-3205;Portugal;Lisboa;972;15;AUDITORIA;TERCEIRO;UNITED AIRLINES;Gold
14.012;Zeus;BRA-3054;Brasil;Ubatuba;1.408,00;5;COMERCIO EXTERIOR;TERCEIRO;AIR EUROPA;Platinum
14.012;Zeus;BRA-0166;Brasil;Cardeal da Silva;1.885,00;5;CONTROLADORIA;COLABORADOR;AEROLINEAS ARGENTINAS;Gold
14.012;Zeus;BRA-2669;Brasil;Japoatã;1.410,00;14;CONTROLADORIA;TEMPORÁRIO;EMIRATES AIRLINE;Gold
14.012;Zeus;BRA-1577;Brasil;Serra da Raiz;1.005,00;17;DESENV. DE EMBALAGENS;COLABORADOR;ETIHAD AIRWAYS;Plus
14.012;Zeus;BRA-0049;Brasil;Ouro Branco;1.994,00;20;ENGENHARIA;TEMPORÁRIO;LAN CHILE;Premium
14.012;Zeus;BRA-1165;Brasil;Santana do Deserto;1.883,00;6;GER LOGISTICA;COLABORADOR;AIR FRANCE;Premium
14.012;Zeus;BRA-2146;Brasil;São Vicente;1.652,00;20;GER LOGISTICA;COLABORADOR;AZUL LINHAS AÉREAS BRASILEIRAS;Gold
14.012;Zeus;BRA-1896;Brasil;Irati;825;5;GER LOGISTICA;TEMPORÁRIO;UNITED AIRLINES;Gold
14.012;Zeus;BRA-2926;Brasil;Paraibuna;1.142,00;13;GARANTIA DA QUALIDADE;TEMPORÁRIO;AVIANCA;Premium
14.012;Zeus;BRA-1376;Brasil;Sinop;775;9;GARANTIA DA QUALIDADE;COLABORADOR;TAP PORTUGAL;Plus
14.012;Zeus;BRA-2037;Brasil;Laje do Muriaé;865;2;GER SUPRIMENTOS;COLABORADOR;AMERICAN AIRLINES;Plus
14.012;Zeus;BRA-1853;Brasil;Colombo;1.373,00;9;GER SUPRIMENTOS;TERCEIRO;LAN CHILE;Premium
14.012;Zeus;BRA-0825;Brasil;Bugre;937;17;LOGISTICA;TEMPORÁRIO;PASSAREDO LINHAS AÉREAS;Plus
14.012;Zeus;BRA-2441;Brasil;Senador Salgado Filho;1.783,00;18;LOGISTICA;TERCEIRO;TAM LINHAS AÉREAS;Gold
14.012;Zeus;BRA-0508;Brasil;Abadia de Goiás;1.004,00;19;SEG. SAUDE E MEIO AMBIENTE;TEMPORÁRIO;ETIHAD AIRWAYS;Plus
14.012;Zeus;BRA-2715;Brasil;Arco-Íris;1.614,00;15;SEG. SAUDE E MEIO AMBIENTE;TERCEIRO;ETIHAD AIRWAYS;Plus
14.012;Zeus;BRA-1892;Brasil;Inácio Martins;2.173,00;11;SEG. SAUDE E MEIO AMBIENTE;COLABORADOR;UNITED AIRLINES;Gold
14.012;Zeus;BRA-2513;Brasil;Cocal do Sul;1.666,00;10;TREINAMENTO E DESENV.;COLABORADOR;AIR FRANCE;Premium
14.012;Zeus;BRA-2636;Brasil;Taió;1.792,00;4;MANUFATURA;TEMPORÁRIO;AIR CANADÁ;Plus
14.012;Zeus;BRA-2226;Brasil;Braga;832;14;MANUFATURA;COLABORADOR;AMERICAN AIRLINES;Plus
14.012;Zeus;BRA-1635;Brasil;Joaquim Nabuco;808;14;MANUFATURA;TEMPORÁRIO;TAP PORTUGAL;Plus
14.012;Zeus;BRA-1102;Brasil;Pequeri;1.059,00;16;MANUFATURA;COLABORADOR;AIR CHINA;Plus
14.012;Zeus;BRA-0648;Brasil;Uirapuru;1.941,00;2;MANUFATURA;COLABORADOR;AZUL LINHAS AÉREAS BRASILEIRAS;Gold
14.012;Zeus;BRA-2594;Brasil;Penha;1.578,00;11;MANUFATURA;TEMPORÁRIO;UNITED AIRLINES;Gold
14.012;Zeus;BRA-1233;Brasil;Teófilo Otoni;1.467,00;2;AUDITORIA;TERCEIRO;AIR CANADÁ;Plus
14.012;Zeus;BRA-0264;Brasil;Muritiba;1.141,00;7;AUDITORIA;COLABORADOR;AZUL LINHAS AÉREAS BRASILEIRAS;Gold
14.012;Zeus;BRA-2510;Brasil;Caxambu do Sul;1.727,00;1;AUDITORIA;TERCEIRO;GOL LINHAS AÉREAS;Plus
14.012;Zeus;BRA-0033;Brasil;Junqueiro;922;12;AUDITORIA;TEMPORÁRIO;UNITED AIRLINES;Gold
14.012;Zeus;BRA-1050;Brasil;Miraí;1.671,00;8;CONTROLADORIA;COLABORADOR;AMERICAN AIRLINES;Plus
14.012;Zeus;BRA-2208;Brasil;Arroio do Sal;1.553,00;6;CONTROLADORIA;COLABORADOR;AZUL LINHAS AÉREAS BRASILEIRAS;Gold
14.012;Zeus;DIN-3170;Dinamarca;Kobenhavn;1.132,00;16;DESENV. DE EMBALAGENS;COLABORADOR;CHINA EASTERN AIRLINES;Plus
14.012;Zeus;DIN-3170;Dinamarca;Kobenhavn;1.132,00;9;DESENV. DE EMBALAGENS;COLABORADOR;CHINA EASTERN AIRLINES;Plus
14.012;Zeus;BRA-2783;Brasil;Dourado;2.149,00;7;ENGENHARIA;COLABORADOR;LUFTHANSA;Gold
14.012;Zeus;BRA-1196;Brasil;São José da Safira;1.493,00;14;GER LOGISTICA;TERCEIRO;BRITSH AIRWAYS;Plus
14.012;Zeus;NOR-3203;Noruega;Stavern;1.995,00;15;GARANTIA DA QUALIDADE;COLABORADOR;PASSAREDO LINHAS AÉREAS;Plus
14.012;Zeus;BRA-3033;Brasil;Tabapuã;1.305,00;4;GARANTIA DA QUALIDADE;COLABORADOR;SETE LINHAS AEREAS S/A;Gold
14.012;Zeus;IRL-3198;Irlanda;Cork;984;13;GER SUPRIMENTOS;TEMPORÁRIO;ETIHAD AIRWAYS;Plus
14.012;Zeus;BRA-1414;Brasil;Irituia;675;13;LOGISTICA;COLABORADOR;AIR CHINA;Plus
14.012;Zeus;BRA-0548;Brasil;Cocalzinho de Goiás;1.209,00;18;TREINAMENTO E DESENV.;TERCEIRO;AIR CANADÁ;Plus
14.012;Zeus;NOR-3203;Noruega;Stavern;1.995,00;17;TREINAMENTO E DESENV.;COLABORADOR;PASSAREDO LINHAS AÉREAS;Plus
14.012;Zeus;NOR-3203;Noruega;Stavern;1.995,00;8;TREINAMENTO E DESENV.;COLABORADOR;PASSAREDO LINHAS AÉREAS;Plus
14.012;Zeus;BRA-0420;Brasil;Massapê;2.065,00;13;TREINAMENTO E DESENV.;COLABORADOR;TAP PORTUGAL;Plus
14.012;Zeus;POR-3205;Portugal;Lisboa;972;9;TREINAMENTO E DESENV.;TEMPORÁRIO;TURKISH AIRLINES INC;Plus
14.012;Zeus;BRA-0648;Brasil;Uirapuru;1.941,00;2;MANUFATURA;COLABORADOR;AZUL LINHAS AÉREAS BRASILEIRAS;Gold
14.012;Zeus;BRA-2479;Brasil;Águas de Chapecó;1.166,00;18;MANUFATURA;COLABORADOR;TAM LINHAS AÉREAS;Gold
14.012;Zeus;BRA-2594;Brasil;Penha;1.578,00;11;MANUFATURA;TEMPORÁRIO;UNITED AIRLINES;Gold
14.012;Zeus;BRA-1233;Brasil;Teófilo Otoni;1.467,00;2;AUDITORIA;TERCEIRO;AIR CANADÁ;Plus
14.012;Zeus;BRA-0042;Brasil;Minador do Negrão;1.715,00;13;AUDITORIA;TEMPORÁRIO;AVIANCA;Premium
14.012;Zeus;BRA-0141;Brasil;Belmonte;1.155,00;7;MANUFATURA;COLABORADOR;CHINA EASTERN AIRLINES;Plus
14.012;Zeus;BRA-1443;Brasil;Santa Isabel do Pará;1.868,00;8;AUDITORIA;TERCEIRO;AIR FRANCE;Premium
14.012;Zeus;BRA-1815;Brasil;Altônia;1.828,00;2;AUDITORIA;TERCEIRO;LUFTHANSA;Gold
14.012;Zeus;VEN-3214;Venezuela;Caracas;1.271,00;10;AUDITORIA;TERCEIRO;TAP PORTUGAL;Plus
14.012;Zeus;BRA-0909;Brasil;Dionísio;2.006,00;6;COMERCIO EXTERIOR;TEMPORÁRIO;AEROLINEAS ARGENTINAS;Gold
14.012;Zeus;BRA-0385;Brasil;Ererê;1.135,00;2;COMERCIO EXTERIOR;TEMPORÁRIO;TAM LINHAS AÉREAS;Gold
14.012;Zeus;BRA-2172;Brasil;Costa Marques;1.135,00;6;CONTROLADORIA;TEMPORÁRIO;AIR CHINA;Plus
14.012;Zeus;BRA-2498;Brasil;Bom Jardim da Serra;1.984,00;18;CONTROLADORIA;TEMPORÁRIO;LAN CHILE;Premium
14.012;Zeus;BRA-2254;Brasil;Coronel Bicaco;2.005,00;12;CONTROLADORIA;TEMPORÁRIO;TAM LINHAS AÉREAS;Gold
14.012;Zeus;BRA-1990;Brasil;Santana do Itararé;1.312,00;5;DESENV. DE EMBALAGENS;COLABORADOR;AVIANCA;Premium
14.012;Zeus;DIN-3170;Dinamarca;Kobenhavn;1.132,00;20;ENGENHARIA;TERCEIRO;TAM LINHAS AÉREAS;Gold
14.012;Zeus;CAN-3167;Canadá;Montréal;1.454,00;5;GER LOGISTICA;TEMPORÁRIO;AIR FRANCE;Premium
14.012;Zeus;CAN-3167;Canadá;Montréal;1.454,00;15;GER LOGISTICA;TEMPORÁRIO;AIR FRANCE;Premium
14.012;Zeus;CAN-3168;Canadá;Tsawassen;1.819,00;12;GARANTIA DA QUALIDADE;TERCEIRO;CHINA EASTERN AIRLINES;Plus
14.012;Zeus;BRA-0593;Brasil;Mara Rosa;1.693,00;14;GARANTIA DA QUALIDADE;TEMPORÁRIO;DELTA AIRLINES;Premium
14.012;Zeus;BRA-2923;Brasil;Palmeira d'Oeste;1.045,00;20;GARANTIA DA QUALIDADE;TEMPORÁRIO;LAN CHILE;Premium
14.012;Zeus;BRA-3145;Brasil;Taguatinga;1.341,00;7;GER SUPRIMENTOS;COLABORADOR;AVIANCA;Premium
14.012;Zeus;BRA-2399;Brasil;Riozinho;768;12;LOGISTICA;TEMPORÁRIO;LAN CHILE;Premium
14.012;Zeus;BRA-2957;Brasil;Potim;1.888,00;14;LOGISTICA;TERCEIRO;SETE LINHAS AEREAS S/A;Gold
14.012;Zeus;BRA-1401;Brasil;Concórdia do Pará;1.434,00;2;TREINAMENTO E DESENV.;COLABORADOR;EMIRATES AIRLINE;Gold
14.012;Zeus;BRA-2965;Brasil;Queiroz;1.445,00;16;TREINAMENTO E DESENV.;COLABORADOR;LUFTHANSA;Gold
14.012;Zeus;BRA-3029;Brasil;Sete Barras;1.293,00;11;TREINAMENTO E DESENV.;TEMPORÁRIO;PASSAREDO LINHAS AÉREAS;Plus
14.012;Zeus;BRA-0141;Brasil;Belmonte;1.155,00;7;MANUFATURA;COLABORADOR;CHINA EASTERN AIRLINES;Plus
14.012;Zeus;BRA-1071;Brasil;Nova Lima;794;13;MANUFATURA;TEMPORÁRIO;ETIHAD AIRWAYS;Plus
14.012;Zeus;BRA-2975;Brasil;Rifaina;2.021,00;11;MANUFATURA;TERCEIRO;ETIHAD AIRWAYS;Plus
14.012;Zeus;BRA-0911;Brasil;Divinolândia de Minas;1.478,00;8;MANUFATURA;COLABORADOR;SETE LINHAS AEREAS S/A;Gold
14.012;Zeus;DIN-3171;Dinamarca;arhus;961;11;AUDITORIA;TERCEIRO;AIR EUROPA;Platinum
14.012;Zeus;BRA-1443;Brasil;Santa Isabel do Pará;1.868,00;8;AUDITORIA;TERCEIRO;AIR FRANCE;Premium
14.012;Zeus;BRA-0101;Brasil;Tabatinga;2.086,00;10;MANUFATURA;COLABORADOR;CHINA EASTERN AIRLINES;Plus
14.012;Zeus;BRA-2839;Brasil;Itapirapuã Paulista;1.281,00;8;MANUFATURA;TEMPORÁRIO;LAN CHILE;Premium
14.012;Zeus;BRA-2438;Brasil;São Valério do Sul;2.187,00;15;MANUFATURA;TEMPORÁRIO;LUFTHANSA;Gold
14.012;Zeus;NOR-3203;Noruega;Stavern;1.995,00;1;MANUFATURA;TERCEIRO;UNITED AIRLINES;Gold
14.012;Zeus;BRA-0104;Brasil;Amapá;1.891,00;2;AUDITORIA;TERCEIRO;AMERICAN AIRLINES;Plus
14.012;Zeus;BRA-1807;Brasil;Uruçuí;816;15;AUDITORIA;COLABORADOR;AVIANCA;Premium
14.012;Zeus;BRA-0707;Brasil;Lagoa Grande do Maranhão;1.087,00;4;AUDITORIA;TERCEIRO;BRITSH AIRWAYS;Plus
14.012;Zeus;BRA-2428;Brasil;São Martinho;1.200,00;19;AUDITORIA;TEMPORÁRIO;SETE LINHAS AEREAS S/A;Gold
14.012;Zeus;BRA-1328;Brasil;Cuiabá;2.079,00;10;COMERCIO EXTERIOR;TEMPORÁRIO;CHINA EASTERN AIRLINES;Plus
14.012;Zeus;BRA-2903;Brasil;Morungaba;1.623,00;4;COMERCIO EXTERIOR;TERCEIRO;LAN CHILE;Premium
14.012;Zeus;BRA-2126;Brasil;Porto do Mangue;1.479,00;10;CONTROLADORIA;TERCEIRO;AEROLINEAS ARGENTINAS;Gold
14.012;Zeus;MEX-3202;México;México D.F.;1.367,00;3;CONTROLADORIA;TERCEIRO;DELTA AIRLINES;Premium
14.012;Zeus;BRA-2792;Brasil;Estiva Gerbi;961;8;CONTROLADORIA;TERCEIRO;SETE LINHAS AEREAS S/A;Gold
14.012;Zeus;BRA-2003;Brasil;Sapopema;1.183,00;17;DESENV. DE EMBALAGENS;TEMPORÁRIO;AMERICAN AIRLINES;Plus
14.012;Zeus;BRA-3113;Brasil;Monte Santo do Tocantins;1.647,00;16;DESENV. DE EMBALAGENS;COLABORADOR;TAM LINHAS AÉREAS;Gold
14.012;Zeus;BRA-1746;Brasil;Joca Marques;1.851,00;15;ENGENHARIA;COLABORADOR;AIR FRANCE;Premium
14.012;Zeus;BRA-1506;Brasil;Duas Estradas;975;17;ENGENHARIA;TERCEIRO;DELTA AIRLINES;Premium
14.012;Zeus;CAN-3169;Canadá;Vancouver;1.417,00;3;ENGENHARIA;TERCEIRO;TAM LINHAS AÉREAS;Gold
14.012;Zeus;BRA-2131;Brasil;Rodolfo Fernandes;2.038,00;13;GER LOGISTICA;TEMPORÁRIO;DELTA AIRLINES;Premium
14.012;Zeus;BRA-2751;Brasil;Cajobi;653;2;GER LOGISTICA;COLABORADOR;SETE LINHAS AEREAS S/A;Gold
14.012;Zeus;BRA-2138;Brasil;São Bento do Trairi;1.998,00;7;GARANTIA DA QUALIDADE;TERCEIRO;AEROLINEAS ARGENTINAS;Gold
14.012;Zeus;BRA-0617;Brasil;Palmelo;1.927,00;11;GARANTIA DA QUALIDADE;TEMPORÁRIO;EMIRATES AIRLINE;Gold
14.012;Zeus;BRA-0208;Brasil;Ibitiara;2.129,00;10;GARANTIA DA QUALIDADE;TERCEIRO;TURKISH AIRLINES INC;Plus
14.012;Zeus;VEN-3214;Venezuela;Caracas;1.271,00;14;GER SUPRIMENTOS;TERCEIRO;AZUL LINHAS AÉREAS BRASILEIRAS;Gold
14.012;Zeus;BRA-0961;Brasil;Heliodora;697;11;GER SUPRIMENTOS;TEMPORÁRIO;BRITSH AIRWAYS;Plus
14.012;Zeus;BRA-0200;Brasil;Guanambi;1.289,00;14;LOGISTICA;TEMPORÁRIO;AIR CANADÁ;Plus
14.012;Zeus;BRA-2410;Brasil;Santa Maria do Herval;1.686,00;8;SEG. SAUDE E MEIO AMBIENTE;COLABORADOR;AMERICAN AIRLINES;Plus
14.012;Zeus;BRA-1155;Brasil;Santa Cruz de Salinas;1.544,00;16;SEG. SAUDE E MEIO AMBIENTE;COLABORADOR;EMIRATES AIRLINE;Gold
14.012;Zeus;BRA-2227;Brasil;Cacequi;1.652,00;20;SEG. SAUDE E MEIO AMBIENTE;COLABORADOR;ETIHAD AIRWAYS;Plus
14.012;Zeus;VEN-3214;Venezuela;Caracas;1.271,00;17;SEG. SAUDE E MEIO AMBIENTE;COLABORADOR;TAM LINHAS AÉREAS;Gold
14.012;Zeus;VEN-3216;Venezuela;Ilha de Margarita;1.316,00;6;SEG. SAUDE E MEIO AMBIENTE;TERCEIRO;TAP PORTUGAL;Plus
14.012;Zeus;BRA-0593;Brasil;Mara Rosa;1.693,00;7;TREINAMENTO E DESENV.;TEMPORÁRIO;DELTA AIRLINES;Premium
14.012;Zeus;MEX-3202;México;México D.F.;1.367,00;1;TREINAMENTO E DESENV.;TERCEIRO;DELTA AIRLINES;Premium
14.012;Zeus;BRA-1344;Brasil;Nova Lacerda;1.092,00;9;TREINAMENTO E DESENV.;COLABORADOR;ETIHAD AIRWAYS;Plus
14.012;Zeus;BRA-2797;Brasil;Fernandópolis;1.951,00;18;TREINAMENTO E DESENV.;TEMPORÁRIO;LAN CHILE;Premium
14.012;Zeus;BRA-2154;Brasil;Tangará;1.034,00;1;TREINAMENTO E DESENV.;TERCEIRO;UNITED AIRLINES;Gold
14.012;Zeus;BRA-0101;Brasil;Tabatinga;2.086,00;10;MANUFATURA;COLABORADOR;CHINA EASTERN AIRLINES;Plus
14.012;Zeus;BRA-2839;Brasil;Itapirapuã Paulista;1.281,00;8;MANUFATURA;TEMPORÁRIO;LAN CHILE;Premium
14.012;Zeus;BRA-2438;Brasil;São Valério do Sul;2.187,00;15;MANUFATURA;TEMPORÁRIO;LUFTHANSA;Gold
14.012;Zeus;NOR-3203;Noruega;Stavern;1.995,00;3;MANUFATURA;TERCEIRO;UNITED AIRLINES;Gold
14.012;Zeus;NOR-3203;Noruega;Stavern;1.995,00;1;MANUFATURA;TERCEIRO;UNITED AIRLINES;Gold
14.012;Zeus;BRA-0104;Brasil;Amapá;1.891,00;2;AUDITORIA;TERCEIRO;AMERICAN AIRLINES;Plus
14.012;Zeus;BRA-1807;Brasil;Uruçuí;816;15;AUDITORIA;COLABORADOR;AVIANCA;Premium
14.012;Zeus;BRA-0989;Brasil;Ituiutaba;717;3;MANUFATURA;TEMPORÁRIO;AEROLINEAS ARGENTINAS;Gold
14.012;Zeus;BRA-1890;Brasil;Iguaraçu;1.769,00;2;AUDITORIA;TEMPORÁRIO;BRITSH AIRWAYS;Plus
14.012;Zeus;ARG-3162;Argentina;Buenos Aires;1.923,00;4;AUDITORIA;TEMPORÁRIO;PASSAREDO LINHAS AÉREAS;Plus
14.012;Zeus;BRA-1037;Brasil;Mateus Leme;784;8;CONTROLADORIA;COLABORADOR;AIR CHINA;Plus
14.012;Zeus;BRA-1121;Brasil;Pompéu;798;7;CONTROLADORIA;TEMPORÁRIO;AZUL LINHAS AÉREAS BRASILEIRAS;Gold
14.012;Zeus;BRA-0134;Brasil;Barra do Choça;2.012,00;16;CONTROLADORIA;TERCEIRO;ETIHAD AIRWAYS;Plus
14.012;Zeus;BRA-1711;Brasil;Campo Maior;916;10;ENGENHARIA;TERCEIRO;AIR EUROPA;Platinum
14.012;Zeus;MEX-3202;México;México D.F.;1.367,00;5;GER LOGISTICA;TEMPORÁRIO;AIR CHINA;Plus
14.012;Zeus;BRA-1377;Brasil;Tabaporã;2.198,00;8;GARANTIA DA QUALIDADE;TEMPORÁRIO;AZUL LINHAS AÉREAS BRASILEIRAS;Gold
14.012;Zeus;BRA-1538;Brasil;Patos;1.681,00;8;GARANTIA DA QUALIDADE;COLABORADOR;EMIRATES AIRLINE;Gold
14.012;Zeus;BRA-0054;Brasil;Penedo;2.158,00;14;GARANTIA DA QUALIDADE;TERCEIRO;ETIHAD AIRWAYS;Plus
14.012;Zeus;BRA-1851;Brasil;Chopinzinho;1.286,00;10;GARANTIA DA QUALIDADE;TERCEIRO;TURKISH AIRLINES INC;Plus
14.012;Zeus;ÁUS-3164;Áustria;Salzburg;1.858,00;7;GER SUPRIMENTOS;TEMPORÁRIO;AEROLINEAS ARGENTINAS;Gold
14.012;Zeus;BRA-0854;Brasil;Carandaí;1.751,00;19;LOGISTICA;TERCEIRO;CHINA EASTERN AIRLINES;Plus
14.012;Zeus;BRA-2016;Brasil;Tunas do Paraná;1.077,00;9;LOGISTICA;TERCEIRO;GOL LINHAS AÉREAS;Plus
14.012;Zeus;BRA-1117;Brasil;Piraúba;1.498,00;20;LOGISTICA;TERCEIRO;SETE LINHAS AEREAS S/A;Gold
14.012;Zeus;BEL-3165;Bélgica;Charleroi;2.119,00;19;LOGISTICA;COLABORADOR;TURKISH AIRLINES INC;Plus
14.012;Zeus;BRA-0338;Brasil;Teofilândia;696;1;SEG. SAUDE E MEIO AMBIENTE;COLABORADOR;AVIANCA;Premium
14.012;Zeus;BRA-0839;Brasil;Campo Belo;1.065,00;19;SEG. SAUDE E MEIO AMBIENTE;COLABORADOR;AZUL LINHAS AÉREAS BRASILEIRAS;Gold
14.012;Zeus;BRA-2579;Brasil;Morro Grande;1.695,00;3;SEG. SAUDE E MEIO AMBIENTE;COLABORADOR;TURKISH AIRLINES INC;Plus
14.012;Zeus;BRA-1224;Brasil;Simão Pereira;1.540,00;3;TREINAMENTO E DESENV.;COLABORADOR;GOL LINHAS AÉREAS;Plus
14.012;Zeus;BRA-3142;Brasil;São Valério da Natividade;720;5;TREINAMENTO E DESENV.;TEMPORÁRIO;PASSAREDO LINHAS AÉREAS;Plus
14.012;Zeus;BRA-1554;Brasil;Rio Tinto;1.731,00;3;MANUFATURA;TEMPORÁRIO;AEROLINEAS ARGENTINAS;Gold
14.012;Zeus;BRA-2392;Brasil;Putinga;1.704,00;5;MANUFATURA;TEMPORÁRIO;GOL LINHAS AÉREAS;Plus
14.012;Zeus;BRA-1455;Brasil;São Sebastião da Boa Vista;1.056,00;17;AUDITORIA;TERCEIRO;AIR EUROPA;Platinum
14.012;Zeus;BRA-1207;Brasil;São Tiago;1.723,00;6;MANUFATURA;TEMPORÁRIO;AEROLINEAS ARGENTINAS;Gold
14.012;Zeus;BRA-1980;Brasil;Salto do Lontra;908;4;AUDITORIA;TERCEIRO;AIR CHINA;Plus
14.012;Zeus;BRA-1190;Brasil;São João do Oriente;1.551,00;10;COMERCIO EXTERIOR;COLABORADOR;AZUL LINHAS AÉREAS BRASILEIRAS;Gold
14.012;Zeus;BRA-0871;Brasil;Chácara;1.878,00;11;COMERCIO EXTERIOR;TERCEIRO;SETE LINHAS AEREAS S/A;Gold
14.012;Zeus;CAN-3168;Canadá;Tsawassen;1.819,00;6;CONTROLADORIA;TERCEIRO;LAN CHILE;Premium
14.012;Zeus;CAN-3168;Canadá;Tsawassen;1.819,00;5;CONTROLADORIA;TERCEIRO;LAN CHILE;Premium
14.012;Zeus;BRA-1884;Brasil;Guairaçá;843;14;CONTROLADORIA;TEMPORÁRIO;PASSAREDO LINHAS AÉREAS;Plus
14.012;Zeus;BRA-1702;Brasil;Bom Princípio do Piauí;1.623,00;16;DESENV. DE EMBALAGENS;COLABORADOR;AVIANCA;Premium
14.012;Zeus;BRA-2340;Brasil;Miraguaí;1.427,00;9;DESENV. DE EMBALAGENS;COLABORADOR;CHINA EASTERN AIRLINES;Plus
14.012;Zeus;BRA-0685;Brasil;Central do Maranhão;1.228,00;18;DESENV. DE EMBALAGENS;COLABORADOR;LAN CHILE;Premium
14.012;Zeus;BRA-0406;Brasil;Itarema;842;6;DESENV. DE EMBALAGENS;COLABORADOR;TAM LINHAS AÉREAS;Gold
14.012;Zeus;BRA-1059;Brasil;Monte Sião;1.846,00;3;DESENV. DE EMBALAGENS;TERCEIRO;TAP PORTUGAL;Plus
14.012;Zeus;VEN-3214;Venezuela;Caracas;1.271,00;11;ENGENHARIA;COLABORADOR;ETIHAD AIRWAYS;Plus
14.012;Zeus;VEN-3214;Venezuela;Caracas;1.271,00;1;ENGENHARIA;COLABORADOR;ETIHAD AIRWAYS;Plus
14.012;Zeus;IRL-3198;Irlanda;Cork;984;3;GER LOGISTICA;TERCEIRO;AZUL LINHAS AÉREAS BRASILEIRAS;Gold
14.012;Zeus;IRL-3198;Irlanda;Cork;984;7;GER LOGISTICA;TERCEIRO;AZUL LINHAS AÉREAS BRASILEIRAS;Gold
14.012;Zeus;BRA-0257;Brasil;Maraú;929;2;GER LOGISTICA;TERCEIRO;GOL LINHAS AÉREAS;Plus
14.012;Zeus;BRA-1589;Brasil;Várzea;1.681,00;13;GER LOGISTICA;COLABORADOR;PASSAREDO LINHAS AÉREAS;Plus
14.012;Zeus;BRA-0387;Brasil;Forquilha;1.000,00;11;GARANTIA DA QUALIDADE;TERCEIRO;DELTA AIRLINES;Premium
14.012;Zeus;BRA-0216;Brasil;Irajuba;1.826,00;13;GARANTIA DA QUALIDADE;COLABORADOR;DELTA AIRLINES;Premium
14.012;Zeus;CAN-3169;Canadá;Vancouver;1.417,00;16;GARANTIA DA QUALIDADE;TERCEIRO;GOL LINHAS AÉREAS;Plus
14.012;Zeus;BRA-2826;Brasil;Ilha Comprida;1.963,00;3;GER SUPRIMENTOS;TEMPORÁRIO;AEROLINEAS ARGENTINAS;Gold
14.012;Zeus;BRA-1920;Brasil;Marilândia do Sul;2.110,00;4;GER SUPRIMENTOS;TERCEIRO;LUFTHANSA;Gold
14.012;Zeus;BRA-2481;Brasil;Alfredo Wagner;873;11;LOGISTICA;TEMPORÁRIO;AIR FRANCE;Premium
14.012;Zeus;BRA-0783;Brasil;Alpercata;1.650,00;11;LOGISTICA;TEMPORÁRIO;BRITSH AIRWAYS;Plus
14.012;Zeus;BRA-2488;Brasil;Armazém;1.357,00;11;LOGISTICA;COLABORADOR;PASSAREDO LINHAS AÉREAS;Plus
14.012;Zeus;BRA-1156;Brasil;Santa Cruz do Escalvado;873;9;LOGISTICA;TERCEIRO;TAP PORTUGAL;Plus
14.012;Zeus;BRA-2228;Brasil;Cachoeira do Sul;1.298,00;15;SEG. SAUDE E MEIO AMBIENTE;TEMPORÁRIO;AIR CHINA;Plus
14.012;Zeus;BRA-0686;Brasil;Centro do Guilherme;1.848,00;11;SEG. SAUDE E MEIO AMBIENTE;COLABORADOR;DELTA AIRLINES;Premium
14.012;Zeus;CAN-3168;Canadá;Tsawassen;1.819,00;14;SEG. SAUDE E MEIO AMBIENTE;TERCEIRO;TURKISH AIRLINES INC;Plus
14.012;Zeus;CAN-3168;Canadá;Tsawassen;1.819,00;11;SEG. SAUDE E MEIO AMBIENTE;TERCEIRO;TURKISH AIRLINES INC;Plus
14.012;Zeus;CAN-3168;Canadá;Tsawassen;1.819,00;11;SEG. SAUDE E MEIO AMBIENTE;TERCEIRO;TURKISH AIRLINES INC;Plus
14.012;Zeus;BRA-0860;Brasil;Carmo do Cajuru;657;20;TREINAMENTO E DESENV.;COLABORADOR;AIR CHINA;Plus
14.012;Zeus;BRA-0491;Brasil;Muqui;1.269,00;12;TREINAMENTO E DESENV.;COLABORADOR;BRITSH AIRWAYS;Plus
14.012;Zeus;NOR-3203;Noruega;Stavern;1.995,00;19;MANUFATURA;TEMPORÁRIO;AEROLINEAS ARGENTINAS;Gold
14.012;Zeus;NOR-3203;Noruega;Stavern;1.995,00;6;MANUFATURA;TEMPORÁRIO;AEROLINEAS ARGENTINAS;Gold
14.012;Zeus;BRA-2255;Brasil;Coxilha;1.624,00;16;MANUFATURA;TEMPORÁRIO;AMERICAN AIRLINES;Plus
14.012;Zeus;BRA-2394;Brasil;Redentora;2.194,00;17;MANUFATURA;COLABORADOR;AVIANCA;Premium
14.012;Zeus;BRA-1980;Brasil;Salto do Lontra;908;4;AUDITORIA;TERCEIRO;AIR CHINA;Plus
14.012;Zeus;BRA-0577;Brasil;Iporá;1.640,00;15;AUDITORIA;TERCEIRO;AIR FRANCE;Premium
14.012;Zeus;BRA-2619;Brasil;São Bento do Sul;2.079,00;9;AUDITORIA;TERCEIRO;AIR FRANCE;Premium
14.012;Zeus;BRA-1413;Brasil;Ipixuna do Pará;1.964,00;11;AUDITORIA;TEMPORÁRIO;AVIANCA;Premium
14.012;Zeus;BRA-0826;Brasil;Buritis;1.535,00;15;MANUFATURA;TERCEIRO;AEROLINEAS ARGENTINAS;Gold
14.012;Zeus;BRA-1211;Brasil;Senador Amaral;894;15;MANUFATURA;TERCEIRO;AEROLINEAS ARGENTINAS;Gold
14.012;Zeus;BRA-0566;Brasil;Goiânia;1.328,00;12;MANUFATURA;TEMPORÁRIO;AIR EUROPA;Platinum
14.012;Zeus;IRL-3198;Irlanda;Cork;984;9;MANUFATURA;TEMPORÁRIO;AVIANCA;Premium
14.012;Zeus;BRA-1413;Brasil;Ipixuna do Pará;1.964,00;20;AUDITORIA;TERCEIRO;AMERICAN AIRLINES;Plus
14.012;Zeus;BRA-0136;Brasil;Barra do Rocha;945;13;COMERCIO EXTERIOR;COLABORADOR;LAN CHILE;Premium
14.012;Zeus;REI-3207;Reino Unido;Cowes;1.633,00;9;CONTROLADORIA;TERCEIRO;PASSAREDO LINHAS AÉREAS;Plus
14.012;Zeus;REI-3207;Reino Unido;Cowes;1.633,00;18;CONTROLADORIA;TERCEIRO;PASSAREDO LINHAS AÉREAS;Plus
14.012;Zeus;BRA-1150;Brasil;Sacramento;1.181,00;16;DESENV. DE EMBALAGENS;COLABORADOR;AEROLINEAS ARGENTINAS;Gold
14.012;Zeus;BRA-2355;Brasil;Nova Hartz;1.391,00;20;DESENV. DE EMBALAGENS;TEMPORÁRIO;TURKISH AIRLINES INC;Plus
14.012;Zeus;BRA-0775;Brasil;Vitória do Mearim;2.007,00;2;ENGENHARIA;COLABORADOR;AIR EUROPA;Platinum
14.012;Zeus;BRA-1204;Brasil;São Sebastião do Maranhão;1.770,00;5;GARANTIA DA QUALIDADE;COLABORADOR;AVIANCA;Premium
14.012;Zeus;BRA-0788;Brasil;Angelândia;1.251,00;9;GARANTIA DA QUALIDADE;TEMPORÁRIO;BRITSH AIRWAYS;Plus
14.012;Zeus;CAN-3168;Canadá;Tsawassen;1.819,00;20;GARANTIA DA QUALIDADE;COLABORADOR;EMIRATES AIRLINE;Gold
14.012;Zeus;BRA-1587;Brasil;Triunfo;798;13;GER SUPRIMENTOS;TEMPORÁRIO;AEROLINEAS ARGENTINAS;Gold
14.012;Zeus;BRA-0573;Brasil;Inaciolândia;1.703,00;10;GER SUPRIMENTOS;COLABORADOR;AVIANCA;Premium
14.012;Zeus;BRA-2824;Brasil;Igarapava;1.810,00;9;LOGISTICA;TERCEIRO;AIR EUROPA;Platinum
14.012;Zeus;BRA-1155;Brasil;Santa Cruz de Salinas;1.544,00;14;TREINAMENTO E DESENV.;TEMPORÁRIO;TAM LINHAS AÉREAS;Gold
14.012;Zeus;BRA-2704;Brasil;Alvinlândia;2.196,00;8;TREINAMENTO E DESENV.;TERCEIRO;UNITED AIRLINES;Gold
14.012;Zeus;BRA-1763;Brasil;Novo Oriente do Piauí;1.226,00;15;MANUFATURA;TERCEIRO;AEROLINEAS ARGENTINAS;Gold
14.012;Zeus;NOR-3203;Noruega;Stavern;1.995,00;15;MANUFATURA;TERCEIRO;AEROLINEAS ARGENTINAS;Gold
14.012;Zeus;NOR-3203;Noruega;Stavern;1.995,00;15;MANUFATURA;TERCEIRO;AEROLINEAS ARGENTINAS;Gold
14.012;Zeus;BRA-1345;Brasil;Nova Marilândia;2.167,00;7;MANUFATURA;TEMPORÁRIO;AIR CHINA;Plus
14.012;Zeus;BRA-0566;Brasil;Goiânia;1.328,00;12;MANUFATURA;TEMPORÁRIO;AIR EUROPA;Platinum
14.012;Zeus;IRL-3198;Irlanda;Cork;984;9;MANUFATURA;TEMPORÁRIO;AVIANCA;Premium
14.012;Zeus;BRA-2837;Brasil;Itaóca;1.362,00;3;MANUFATURA;TERCEIRO;TAP PORTUGAL;Plus
14.012;Zeus;BRA-2515;Brasil;Coronel Freitas;1.250,00;10;AUDITORIA;TEMPORÁRIO;AIR CHINA;Plus
14.012;Zeus;BRA-1413;Brasil;Ipixuna do Pará;1.964,00;20;AUDITORIA;TERCEIRO;AMERICAN AIRLINES;Plus
14.012;Zeus;REI-3207;Reino Unido;Cowes;1.633,00;1;MANUFATURA;TERCEIRO;BRITSH AIRWAYS;Plus
14.012;Zeus;REI-3207;Reino Unido;Cowes;1.633,00;12;MANUFATURA;TERCEIRO;BRITSH AIRWAYS;Plus
14.012;Zeus;BRA-0378;Brasil;Choró;1.314,00;17;MANUFATURA;COLABORADOR;UNITED AIRLINES;Gold
14.012;Zeus;BRA-1431;Brasil;Pau-d'Arco;1.754,00;11;AUDITORIA;TEMPORÁRIO;AIR CANADÁ;Plus
14.012;Zeus;CAN-3168;Canadá;Tsawassen;1.819,00;14;AUDITORIA;TERCEIRO;AIR CANADÁ;Plus
14.012;Zeus;REI-3208;Reino Unido;Colchester;2.031,00;20;AUDITORIA;TERCEIRO;AIR EUROPA;Platinum
14.012;Zeus;BRA-0746;Brasil;Santa Luzia;1.299,00;17;AUDITORIA;COLABORADOR;LUFTHANSA;Gold
14.012;Zeus;DIN-3171;Dinamarca;arhus;961;12;CONTROLADORIA;TEMPORÁRIO;AIR CHINA;Plus
14.012;Zeus;BRA-0182;Brasil;Cravolândia;1.177,00;15;CONTROLADORIA;TERCEIRO;TAM LINHAS AÉREAS;Gold
14.012;Zeus;BRA-2285;Brasil;Fazenda Vilanova;1.190,00;17;DESENV. DE EMBALAGENS;TERCEIRO;ETIHAD AIRWAYS;Plus
14.012;Zeus;BRA-2135;Brasil;Santana do Seridó;1.982,00;12;DESENV. DE EMBALAGENS;TEMPORÁRIO;SETE LINHAS AEREAS S/A;Gold
14.012;Zeus;VEN-3213;Venezuela;San Cristóbal;1.900,00;15;ENGENHARIA;TEMPORÁRIO;AMERICAN AIRLINES;Plus
14.012;Zeus;BRA-0534;Brasil;Buriti de Goiás;2.170,00;14;GER LOGISTICA;TEMPORÁRIO;TAP PORTUGAL;Plus
14.012;Zeus;BRA-2710;Brasil;Anhumas;1.713,00;5;GER LOGISTICA;TEMPORÁRIO;TURKISH AIRLINES INC;Plus
14.012;Zeus;BRA-2640;Brasil;Timbó Grande;668;10;GARANTIA DA QUALIDADE;COLABORADOR;AVIANCA;Premium
14.012;Zeus;DIN-3171;Dinamarca;arhus;961;11;GARANTIA DA QUALIDADE;COLABORADOR;AZUL LINHAS AÉREAS BRASILEIRAS;Gold
14.012;Zeus;BRA-1343;Brasil;Nova Guarita;997;10;GER SUPRIMENTOS;TEMPORÁRIO;TAP PORTUGAL;Plus
14.012;Zeus;BRA-1991;Brasil;Santo Antônio do Caiuá;1.666,00;13;GER SUPRIMENTOS;COLABORADOR;TAP PORTUGAL;Plus
14.012;Zeus;DIN-3170;Dinamarca;Kobenhavn;1.132,00;10;LOGISTICA;TEMPORÁRIO;AIR FRANCE;Premium
14.012;Zeus;DIN-3170;Dinamarca;Kobenhavn;1.132,00;11;LOGISTICA;TEMPORÁRIO;AIR FRANCE;Premium
14.012;Zeus;BRA-1076;Brasil;Novorizonte;787;13;SEG. SAUDE E MEIO AMBIENTE;TERCEIRO;AIR CHINA;Plus
14.012;Zeus;BRA-0185;Brasil;Curaçá;801;14;SEG. SAUDE E MEIO AMBIENTE;COLABORADOR;GOL LINHAS AÉREAS;Plus
14.012;Zeus;BRA-1643;Brasil;Orocó;2.093,00;9;TREINAMENTO E DESENV.;TERCEIRO;AIR CANADÁ;Plus
14.012;Zeus;BRA-0695;Brasil;Fernando Falcão;1.564,00;1;TREINAMENTO E DESENV.;COLABORADOR;AZUL LINHAS AÉREAS BRASILEIRAS;Gold
14.012;Zeus;BRA-0468;Brasil;Atílio Vivácqua;1.748,00;1;TREINAMENTO E DESENV.;COLABORADOR;TAP PORTUGAL;Plus
14.012;Zeus;BRA-0877;Brasil;Comendador Gomes;1.677,00;12;MANUFATURA;COLABORADOR;AZUL LINHAS AÉREAS BRASILEIRAS;Gold
14.012;Zeus;REI-3207;Reino Unido;Cowes;1.633,00;14;MANUFATURA;TERCEIRO;BRITSH AIRWAYS;Plus
14.012;Zeus;REI-3207;Reino Unido;Cowes;1.633,00;1;MANUFATURA;TERCEIRO;BRITSH AIRWAYS;Plus
14.012;Zeus;CAN-3167;Canadá;Montréal;1.454,00;3;MANUFATURA;TEMPORÁRIO;PASSAREDO LINHAS AÉREAS;Plus
14.012;Zeus;BRA-2495;Brasil;Bela Vista do Toldo;2.034,00;1;MANUFATURA;COLABORADOR;TAP PORTUGAL;Plus
14.012;Zeus;BRA-0378;Brasil;Choró;1.314,00;17;MANUFATURA;COLABORADOR;UNITED AIRLINES;Gold
14.012;Zeus;BRA-1431;Brasil;Pau-d'Arco;1.754,00;11;AUDITORIA;TEMPORÁRIO;AIR CANADÁ;Plus
14.012;Zeus;CAN-3168;Canadá;Tsawassen;1.819,00;14;AUDITORIA;TERCEIRO;AIR CANADÁ;Plus
14.012;Zeus;CAN-3168;Canadá;Tsawassen;1.819,00;11;AUDITORIA;TERCEIRO;AIR CANADÁ;Plus
14.012;Zeus;REI-3208;Reino Unido;Colchester;2.031,00;20;AUDITORIA;TERCEIRO;AIR EUROPA;Platinum
14.012;Zeus;DIN-3170;Dinamarca;Kobenhavn;1.132,00;10;AUDITORIA;TERCEIRO;AIR EUROPA;Platinum
14.012;Zeus;BRA-0206;Brasil;Ibipitanga;2.090,00;5;AUDITORIA;COLABORADOR;AMERICAN AIRLINES;Plus
14.012;Zeus;BRA-2831;Brasil;Iperó;794;20;MANUFATURA;TERCEIRO;AIR CHINA;Plus
14.012;Zeus;BRA-1351;Brasil;Nova Ubiratã;1.893,00;19;MANUFATURA;TEMPORÁRIO;EMIRATES AIRLINE;Gold
14.012;Zeus;BRA-1466;Brasil;Areia;1.895,00;6;MANUFATURA;COLABORADOR;PASSAREDO LINHAS AÉREAS;Plus
14.012;Zeus;BRA-2755;Brasil;Cananéia;1.036,00;11;MANUFATURA;TEMPORÁRIO;SETE LINHAS AEREAS S/A;Gold
14.012;Zeus;BRA-1497;Brasil;Congo;1.056,00;13;MANUFATURA;TEMPORÁRIO;TAM LINHAS AÉREAS;Gold
14.012;Zeus;BRA-3024;Brasil;São Simão;1.710,00;5;MANUFATURA;COLABORADOR;TAM LINHAS AÉREAS;Gold
14.012;Zeus;DIN-3171;Dinamarca;arhus;961;1;COMERCIO EXTERIOR;TERCEIRO;AVIANCA;Premium
14.012;Zeus;BRA-1484;Brasil;Cabaceiras;975;11;CONTROLADORIA;TEMPORÁRIO;AZUL LINHAS AÉREAS BRASILEIRAS;Gold
14.012;Zeus;BRA-0146;Brasil;Botuporã;2.042,00;1;CONTROLADORIA;COLABORADOR;LAN CHILE;Premium
14.012;Zeus;BRA-2759;Brasil;Capão Bonito;1.333,00;13;DESENV. DE EMBALAGENS;TEMPORÁRIO;EMIRATES AIRLINE;Gold
14.012;Zeus;BRA-2893;Brasil;Mogi das Cruzes;2.152,00;15;DESENV. DE EMBALAGENS;TEMPORÁRIO;EMIRATES AIRLINE;Gold
14.012;Zeus;BRA-3080;Brasil;Bom Jesus do Tocantins;1.284,00;19;DESENV. DE EMBALAGENS;COLABORADOR;TAM LINHAS AÉREAS;Gold
14.012;Zeus;BRA-2676;Brasil;Neópolis;1.176,00;6;ENGENHARIA;TEMPORÁRIO;AEROLINEAS ARGENTINAS;Gold
14.012;Zeus;BRA-2104;Brasil;João Dias;1.947,00;13;ENGENHARIA;TERCEIRO;PASSAREDO LINHAS AÉREAS;Plus
14.012;Zeus;BRA-0391;Brasil;Granjeiro;1.433,00;2;GER LOGISTICA;TERCEIRO;AEROLINEAS ARGENTINAS;Gold
14.012;Zeus;BRA-2553;Brasil;Itapiranga;1.327,00;15;GER LOGISTICA;TERCEIRO;BRITSH AIRWAYS;Plus
14.012;Zeus;BRA-1007;Brasil;Lagoa Grande;1.835,00;3;GER LOGISTICA;COLABORADOR;BRITSH AIRWAYS;Plus
14.012;Zeus;BRA-0543;Brasil;Campos Verdes;1.274,00;5;GER LOGISTICA;COLABORADOR;DELTA AIRLINES;Premium
14.012;Zeus;BRA-0379;Brasil;Coreaú;2.104,00;8;GER LOGISTICA;TEMPORÁRIO;ETIHAD AIRWAYS;Plus
14.012;Zeus;BRA-2390;Brasil;Progresso;1.090,00;18;GARANTIA DA QUALIDADE;TEMPORÁRIO;AEROLINEAS ARGENTINAS;Gold
14.012;Zeus;BRA-2511;Brasil;Celso Ramos;1.848,00;11;LOGISTICA;TEMPORÁRIO;AIR CHINA;Plus
14.012;Zeus;CAN-3168;Canadá;Tsawassen;1.819,00;7;LOGISTICA;COLABORADOR;CHINA EASTERN AIRLINES;Plus
14.012;Zeus;BRA-2885;Brasil;Miguelópolis;1.822,00;1;LOGISTICA;COLABORADOR;PASSAREDO LINHAS AÉREAS;Plus
14.012;Zeus;BRA-2637;Brasil;Tigrinhos;1.610,00;6;SEG. SAUDE E MEIO AMBIENTE;COLABORADOR;AIR CANADÁ;Plus
14.012;Zeus;BRA-1802;Brasil;São Raimundo Nonato;705;4;SEG. SAUDE E MEIO AMBIENTE;TERCEIRO;BRITSH AIRWAYS;Plus
14.012;Zeus;BRA-0126;Brasil;Aramari;1.789,00;1;SEG. SAUDE E MEIO AMBIENTE;TEMPORÁRIO;ETIHAD AIRWAYS;Plus
14.012;Zeus;BRA-0029;Brasil;Igaci;2.056,00;11;SEG. SAUDE E MEIO AMBIENTE;TEMPORÁRIO;TURKISH AIRLINES INC;Plus
14.012;Zeus;BRA-0675;Brasil;Bom Jardim;1.916,00;18;TREINAMENTO E DESENV.;COLABORADOR;CHINA EASTERN AIRLINES;Plus
14.012;Zeus;BRA-2084;Brasil;Cerro Corá;2.107,00;4;TREINAMENTO E DESENV.;COLABORADOR;LUFTHANSA;Gold
14.012;Zeus;BEL-3166;Bélgica;Bruxelles;1.590,00;17;TREINAMENTO E DESENV.;COLABORADOR;SETE LINHAS AEREAS S/A;Gold
14.012;Zeus;BRA-2831;Brasil;Iperó;794;20;MANUFATURA;TERCEIRO;AIR CHINA;Plus
14.012;Zeus;BRA-1351;Brasil;Nova Ubiratã;1.893,00;19;MANUFATURA;TEMPORÁRIO;EMIRATES AIRLINE;Gold
14.012;Zeus;BRA-1466;Brasil;Areia;1.895,00;6;MANUFATURA;COLABORADOR;PASSAREDO LINHAS AÉREAS;Plus
14.012;Zeus;BRA-2755;Brasil;Cananéia;1.036,00;11;MANUFATURA;TEMPORÁRIO;SETE LINHAS AEREAS S/A;Gold
14.012;Zeus;BRA-1716;Brasil;Cocal;1.519,00;19;MANUFATURA;TEMPORÁRIO;SETE LINHAS AEREAS S/A;Gold
14.012;Zeus;BRA-1497;Brasil;Congo;1.056,00;13;MANUFATURA;TEMPORÁRIO;TAM LINHAS AÉREAS;Gold
14.012;Zeus;BRA-3024;Brasil;São Simão;1.710,00;5;MANUFATURA;COLABORADOR;TAM LINHAS AÉREAS;Gold
14.012;Zeus;BEL-3166;Bélgica;Bruxelles;1.590,00;10;AUDITORIA;TEMPORÁRIO;AIR CHINA;Plus
14.012;Zeus;BRA-1190;Brasil;São João do Oriente;1.551,00;8;MANUFATURA;TEMPORÁRIO;TAM LINHAS AÉREAS;Gold
14.012;Zeus;BRA-2604;Brasil;Princesa;1.340,00;4;AUDITORIA;COLABORADOR;CHINA EASTERN AIRLINES;Plus
14.012;Zeus;CAN-3169;Canadá;Vancouver;1.417,00;11;AUDITORIA;TERCEIRO;UNITED AIRLINES;Gold
14.012;Zeus;BRA-2099;Brasil;Jaçanã;1.795,00;7;CONTROLADORIA;COLABORADOR;AVIANCA;Premium
14.012;Zeus;BRA-1640;Brasil;Macaparana;2.120,00;10;DESENV. DE EMBALAGENS;TEMPORÁRIO;AZUL LINHAS AÉREAS BRASILEIRAS;Gold
14.012;Zeus;BEL-3166;Bélgica;Bruxelles;1.590,00;13;ENGENHARIA;TERCEIRO;AIR EUROPA;Platinum
14.012;Zeus;BEL-3166;Bélgica;Bruxelles;1.590,00;11;ENGENHARIA;TERCEIRO;AIR EUROPA;Platinum
14.012;Zeus;BRA-2597;Brasil;Pinheiro Preto;2.075,00;12;ENGENHARIA;COLABORADOR;SETE LINHAS AEREAS S/A;Gold
14.012;Zeus;REI-3207;Reino Unido;Cowes;1.633,00;10;GER LOGISTICA;TEMPORÁRIO;AIR CHINA;Plus
14.012;Zeus;BRA-2095;Brasil;Governador Dix-Sept Rosado;1.946,00;8;GER LOGISTICA;TERCEIRO;AVIANCA;Premium
14.012;Zeus;BRA-1259;Brasil;Virginópolis;1.477,00;3;GER LOGISTICA;TERCEIRO;AVIANCA;Premium
14.012;Zeus;DIN-3170;Dinamarca;Kobenhavn;1.132,00;9;GER LOGISTICA;COLABORADOR;TURKISH AIRLINES INC;Plus
14.012;Zeus;BRA-2874;Brasil;Luís Antônio;989;20;GER LOGISTICA;TERCEIRO;UNITED AIRLINES;Gold
14.012;Zeus;BRA-0920;Brasil;Elói Mendes;1.082,00;7;LOGISTICA;TEMPORÁRIO;AIR CHINA;Plus
14.012;Zeus;BRA-0419;Brasil;Marco;863;3;SEG. SAUDE E MEIO AMBIENTE;COLABORADOR;CHINA EASTERN AIRLINES;Plus
14.012;Zeus;BRA-2693;Brasil;Águas de Lindóia;726;7;SEG. SAUDE E MEIO AMBIENTE;TEMPORÁRIO;GOL LINHAS AÉREAS;Plus
14.012;Zeus;BRA-0549;Brasil;Córrego do Ouro;1.470,00;17;SEG. SAUDE E MEIO AMBIENTE;TEMPORÁRIO;LAN CHILE;Premium
14.012;Zeus;BRA-1162;Brasil;Santa Rita do Itueto;2.030,00;7;TREINAMENTO E DESENV.;COLABORADOR;CHINA EASTERN AIRLINES;Plus
14.012;Zeus;BRA-1350;Brasil;Nova Santa Helena;978;12;TREINAMENTO E DESENV.;TERCEIRO;TURKISH AIRLINES INC;Plus
14.012;Zeus;BRA-2669;Brasil;Japoatã;1.410,00;9;MANUFATURA;COLABORADOR;EMIRATES AIRLINE;Gold
14.012;Zeus;BRA-1190;Brasil;São João do Oriente;1.551,00;8;MANUFATURA;TEMPORÁRIO;TAM LINHAS AÉREAS;Gold
14.012;Zeus;BEL-3166;Bélgica;Bruxelles;1.590,00;15;AUDITORIA;COLABORADOR;AIR CANADÁ;Plus
14.012;Zeus;BRA-2745;Brasil;Cabreúva;1.018,00;6;MANUFATURA;COLABORADOR;BRITSH AIRWAYS;Plus
14.012;Zeus;BRA-2690;Brasil;Umbaúba;2.170,00;20;MANUFATURA;TERCEIRO;GOL LINHAS AÉREAS;Plus
14.012;Zeus;BRA-3008;Brasil;São Carlos;1.795,00;19;COMERCIO EXTERIOR;COLABORADOR;AEROLINEAS ARGENTINAS;Gold
14.012;Zeus;DIN-3170;Dinamarca;Kobenhavn;1.132,00;12;COMERCIO EXTERIOR;TEMPORÁRIO;GOL LINHAS AÉREAS;Plus
14.012;Zeus;BRA-0227;Brasil;Itapetinga;1.706,00;15;CONTROLADORIA;TEMPORÁRIO;AIR FRANCE;Premium
14.012;Zeus;BRA-0069;Brasil;Viçosa;1.797,00;3;CONTROLADORIA;COLABORADOR;AZUL LINHAS AÉREAS BRASILEIRAS;Gold
14.012;Zeus;BRA-0417;Brasil;Maracanaú;896;14;CONTROLADORIA;TERCEIRO;CHINA EASTERN AIRLINES;Plus
14.012;Zeus;BRA-2043;Brasil;Natividade;1.712,00;10;CONTROLADORIA;COLABORADOR;ETIHAD AIRWAYS;Plus
14.012;Zeus;BRA-2087;Brasil;Doutor Severiano;1.662,00;3;CONTROLADORIA;TERCEIRO;LAN CHILE;Premium
14.012;Zeus;BRA-0622;Brasil;Pirenópolis;1.151,00;19;DESENV. DE EMBALAGENS;TERCEIRO;AEROLINEAS ARGENTINAS;Gold
14.012;Zeus;BRA-3037;Brasil;Taiaçu;751;6;DESENV. DE EMBALAGENS;TEMPORÁRIO;UNITED AIRLINES;Gold
14.012;Zeus;BRA-2794;Brasil;Euclides da Cunha Paulista;1.748,00;9;ENGENHARIA;TEMPORÁRIO;AZUL LINHAS AÉREAS BRASILEIRAS;Gold
14.012;Zeus;BRA-2434;Brasil;São Pedro do Butiá;2.016,00;15;ENGENHARIA;TEMPORÁRIO;LUFTHANSA;Gold
14.012;Zeus;BRA-3021;Brasil;São Pedro;814;19;ENGENHARIA;TERCEIRO;SETE LINHAS AEREAS S/A;Gold
14.012;Zeus;BRA-0395;Brasil;Horizonte;996;11;GER LOGISTICA;TEMPORÁRIO;AVIANCA;Premium
14.012;Zeus;BRA-1040;Brasil;Matias Cardoso;2.169,00;15;GER LOGISTICA;TEMPORÁRIO;AVIANCA;Premium
14.012;Zeus;BRA-2803;Brasil;Franco da Rocha;1.595,00;17;GARANTIA DA QUALIDADE;TEMPORÁRIO;UNITED AIRLINES;Gold
14.012;Zeus;BRA-1430;Brasil;Parauapebas;1.828,00;1;GARANTIA DA QUALIDADE;COLABORADOR;UNITED AIRLINES;Gold
14.012;Zeus;EUA-3180;EUA;Boise;1.661,00;9;GER SUPRIMENTOS;COLABORADOR;AEROLINEAS ARGENTINAS;Gold
14.012;Zeus;BRA-2120;Brasil;Parnamirim;933;8;GER SUPRIMENTOS;COLABORADOR;SETE LINHAS AEREAS S/A;Gold
14.012;Zeus;BRA-1740;Brasil;Isaías Coelho;1.151,00;1;LOGISTICA;TERCEIRO;TAM LINHAS AÉREAS;Gold
14.012;Zeus;DIN-3170;Dinamarca;Kobenhavn;1.132,00;18;SEG. SAUDE E MEIO AMBIENTE;COLABORADOR;AVIANCA;Premium
14.012;Zeus;DIN-3170;Dinamarca;Kobenhavn;1.132,00;15;SEG. SAUDE E MEIO AMBIENTE;COLABORADOR;AVIANCA;Premium
14.012;Zeus;BEL-3166;Bélgica;Bruxelles;1.590,00;19;SEG. SAUDE E MEIO AMBIENTE;TERCEIRO;BRITSH AIRWAYS;Plus
14.012;Zeus;BEL-3166;Bélgica;Bruxelles;1.590,00;14;SEG. SAUDE E MEIO AMBIENTE;TERCEIRO;BRITSH AIRWAYS;Plus
14.012;Zeus;BRA-1065;Brasil;Naque;1.219,00;2;TREINAMENTO E DESENV.;COLABORADOR;AZUL LINHAS AÉREAS BRASILEIRAS;Gold
14.012;Zeus;BRA-1699;Brasil;Betânia do Piauí;1.148,00;13;TREINAMENTO E DESENV.;TEMPORÁRIO;CHINA EASTERN AIRLINES;Plus
14.012;Zeus;BRA-0030;Brasil;Jacuípe;838;15;TREINAMENTO E DESENV.;TERCEIRO;PASSAREDO LINHAS AÉREAS;Plus
14.012;Zeus;BRA-1674;Brasil;Toritama;1.435,00;8;TREINAMENTO E DESENV.;TERCEIRO;SETE LINHAS AEREAS S/A;Gold
14.012;Zeus;BRA-1241;Brasil;Tupaciguara;1.813,00;11;TREINAMENTO E DESENV.;TERCEIRO;TAM LINHAS AÉREAS;Gold
14.012;Zeus;VEN-3216;Venezuela;Ilha de Margarita;1.316,00;9;MANUFATURA;TEMPORÁRIO;AZUL LINHAS AÉREAS BRASILEIRAS;Gold
14.012;Zeus;BRA-2745;Brasil;Cabreúva;1.018,00;6;MANUFATURA;COLABORADOR;BRITSH AIRWAYS;Plus
14.012;Zeus;BRA-0335;Brasil;Tapiramutá;1.695,00;19;MANUFATURA;COLABORADOR;ETIHAD AIRWAYS;Plus
14.012;Zeus;BRA-0702;Brasil;Itapecuru-Mirim;1.484,00;16;MANUFATURA;TEMPORÁRIO;GOL LINHAS AÉREAS;Plus
14.012;Zeus;BRA-2690;Brasil;Umbaúba;2.170,00;20;MANUFATURA;TERCEIRO;GOL LINHAS AÉREAS;Plus
14.012;Zeus;BRA-2377;Brasil;Pinheiro Machado;1.855,00;6;AUDITORIA;TEMPORÁRIO;AIR CHINA;Plus
14.012;Zeus;BRA-0819;Brasil;Brasilândia de Minas;2.026,00;5;AUDITORIA;TEMPORÁRIO;PASSAREDO LINHAS AÉREAS;Plus
14.012;Zeus;VEN-3213;Venezuela;San Cristóbal;1.900,00;7;COMERCIO EXTERIOR;TEMPORÁRIO;ETIHAD AIRWAYS;Plus
14.012;Zeus;BRA-2593;Brasil;Pedras Grandes;2.040,00;2;CONTROLADORIA;TEMPORÁRIO;BRITSH AIRWAYS;Plus
14.012;Zeus;BRA-1413;Brasil;Ipixuna do Pará;1.964,00;12;CONTROLADORIA;TEMPORÁRIO;ETIHAD AIRWAYS;Plus
14.012;Zeus;CAN-3169;Canadá;Vancouver;1.417,00;1;CONTROLADORIA;TEMPORÁRIO;GOL LINHAS AÉREAS;Plus
14.012;Zeus;BRA-0232;Brasil;Itiruçu;2.003,00;7;CONTROLADORIA;TERCEIRO;LAN CHILE;Premium
14.012;Zeus;BRA-0195;Brasil;Filadélfia;1.064,00;16;ENGENHARIA;COLABORADOR;GOL LINHAS AÉREAS;Plus
14.012;Zeus;BRA-1362;Brasil;Querência;1.160,00;5;ENGENHARIA;TEMPORÁRIO;LAN CHILE;Premium
14.012;Zeus;BRA-2332;Brasil;Manoel Viana;1.224,00;1;ENGENHARIA;TEMPORÁRIO;LAN CHILE;Premium
14.012;Zeus;BRA-3147;Brasil;Tocantinópolis;1.649,00;18;ENGENHARIA;TERCEIRO;LUFTHANSA;Gold
14.012;Zeus;IRL-3198;Irlanda;Cork;984;10;ENGENHARIA;TEMPORÁRIO;SETE LINHAS AEREAS S/A;Gold
14.012;Zeus;BRA-1396;Brasil;Bujaru;1.136,00;17;GER LOGISTICA;TEMPORÁRIO;AIR CHINA;Plus
14.012;Zeus;BRA-1837;Brasil;Cambará;779;6;GER LOGISTICA;TERCEIRO;TAP PORTUGAL;Plus
14.012;Zeus;BRA-0680;Brasil;Cândido Mendes;2.152,00;12;GARANTIA DA QUALIDADE;TEMPORÁRIO;AIR CANADÁ;Plus
14.012;Zeus;CAN-3168;Canadá;Tsawassen;1.819,00;10;GER SUPRIMENTOS;COLABORADOR;AEROLINEAS ARGENTINAS;Gold
14.012;Zeus;BRA-2196;Brasil;São Luís;1.248,00;19;GER SUPRIMENTOS;TEMPORÁRIO;AIR FRANCE;Premium
14.012;Zeus;BRA-0936;Brasil;Fernandes Tourinho;1.156,00;18;GER SUPRIMENTOS;COLABORADOR;LAN CHILE;Premium
14.012;Zeus;BRA-1752;Brasil;Lagoinha do Piauí;1.519,00;9;GER SUPRIMENTOS;TERCEIRO;TURKISH AIRLINES INC;Plus
14.012;Zeus;BRA-0441;Brasil;Potiretama;1.630,00;10;LOGISTICA;TEMPORÁRIO;CHINA EASTERN AIRLINES;Plus
14.012;Zeus;BRA-0334;Brasil;Taperoá;2.018,00;16;LOGISTICA;TEMPORÁRIO;UNITED AIRLINES;Gold
14.012;Zeus;VEN-3214;Venezuela;Caracas;1.271,00;11;SEG. SAUDE E MEIO AMBIENTE;COLABORADOR;GOL LINHAS AÉREAS;Plus
14.012;Zeus;VEN-3214;Venezuela;Caracas;1.271,00;14;SEG. SAUDE E MEIO AMBIENTE;COLABORADOR;GOL LINHAS AÉREAS;Plus
14.012;Zeus;BRA-1233;Brasil;Teófilo Otoni;1.467,00;6;SEG. SAUDE E MEIO AMBIENTE;TERCEIRO;TAM LINHAS AÉREAS;Gold
14.012;Zeus;BRA-1220;Brasil;Serro;2.034,00;7;TREINAMENTO E DESENV.;TERCEIRO;DELTA AIRLINES;Premium
14.012;Zeus;BRA-0516;Brasil;Anhanguera;1.608,00;6;MANUFATURA;TEMPORÁRIO;ETIHAD AIRWAYS;Plus
14.012;Zeus;BRA-1446;Brasil;Santarém;1.436,00;9;MANUFATURA;TEMPORÁRIO;GOL LINHAS AÉREAS;Plus
14.012;Zeus;BRA-2308;Brasil;Igrejinha;1.328,00;8;MANUFATURA;TERCEIRO;CHINA EASTERN AIRLINES;Plus
14.012;Zeus;BRA-3141;Brasil;São Miguel do Tocantins;928;12;AUDITORIA;TEMPORÁRIO;CHINA EASTERN AIRLINES;Plus
14.012;Zeus;BRA-2907;Brasil;Nipoã;2.090,00;5;AUDITORIA;TERCEIRO;TURKISH AIRLINES INC;Plus
14.012;Zeus;BRA-2823;Brasil;Igaraçu do Tietê;2.057,00;10;COMERCIO EXTERIOR;TERCEIRO;TAM LINHAS AÉREAS;Gold
14.012;Zeus;BEL-3165;Bélgica;Charleroi;2.119,00;15;CONTROLADORIA;COLABORADOR;AIR CANADÁ;Plus
14.012;Zeus;CAN-3167;Canadá;Montréal;1.454,00;8;CONTROLADORIA;TEMPORÁRIO;AIR CANADÁ;Plus
14.012;Zeus;BRA-2366;Brasil;Pareci Novo;1.641,00;7;DESENV. DE EMBALAGENS;TEMPORÁRIO;AMERICAN AIRLINES;Plus
14.012;Zeus;BRA-1631;Brasil;Itapissuma;1.021,00;15;ENGENHARIA;TERCEIRO;AZUL LINHAS AÉREAS BRASILEIRAS;Gold
14.012;Zeus;BRA-1969;Brasil;Realeza;1.331,00;9;GER LOGISTICA;COLABORADOR;SETE LINHAS AEREAS S/A;Gold
14.012;Zeus;BRA-2504;Brasil;Campo Erê;947;4;GARANTIA DA QUALIDADE;TEMPORÁRIO;AMERICAN AIRLINES;Plus
14.012;Zeus;BRA-0263;Brasil;Muquém de São Francisco;1.549,00;20;GARANTIA DA QUALIDADE;TEMPORÁRIO;UNITED AIRLINES;Gold
14.012;Zeus;BRA-0453;Brasil;Tarrafas;2.109,00;16;GER SUPRIMENTOS;COLABORADOR;TAM LINHAS AÉREAS;Gold
14.012;Zeus;BRA-3054;Brasil;Ubatuba;1.408,00;9;LOGISTICA;TEMPORÁRIO;BRITSH AIRWAYS;Plus
14.012;Zeus;BRA-2134;Brasil;Santana do Matos;1.826,00;10;LOGISTICA;TEMPORÁRIO;TAM LINHAS AÉREAS;Gold
14.012;Zeus;BRA-0956;Brasil;Guarda-Mor;1.103,00;20;SEG. SAUDE E MEIO AMBIENTE;TERCEIRO;AZUL LINHAS AÉREAS BRASILEIRAS;Gold
14.012;Zeus;BRA-0748;Brasil;Santa Quitéria do Maranhão;736;17;SEG. SAUDE E MEIO AMBIENTE;COLABORADOR;GOL LINHAS AÉREAS;Plus
14.012;Zeus;BRA-3090;Brasil;Conceição do Tocantins;1.301,00;9;TREINAMENTO E DESENV.;TEMPORÁRIO;AIR FRANCE;Premium
14.012;Zeus;BRA-1401;Brasil;Concórdia do Pará;1.434,00;15;TREINAMENTO E DESENV.;TEMPORÁRIO;AMERICAN AIRLINES;Plus
14.012;Zeus;POR-3205;Portugal;Lisboa;972;8;TREINAMENTO E DESENV.;TERCEIRO;TAP PORTUGAL;Plus
14.012;Zeus;BRA-1657;Brasil;Santa Maria do Cambucá;869;12;MANUFATURA;COLABORADOR;AVIANCA;Premium
14.012;Zeus;BRA-1188;Brasil;São João das Missões;2.031,00;11;MANUFATURA;TEMPORÁRIO;AZUL LINHAS AÉREAS BRASILEIRAS;Gold
14.012;Zeus;BRA-2308;Brasil;Igrejinha;1.328,00;8;MANUFATURA;TERCEIRO;CHINA EASTERN AIRLINES;Plus
14.012;Zeus;DIN-3171;Dinamarca;arhus;961;3;MANUFATURA;COLABORADOR;LUFTHANSA;Gold
14.012;Zeus;BRA-3136;Brasil;Santa Fé do Araguaia;1.042,00;2;MANUFATURA;TERCEIRO;LUFTHANSA;Gold
14.012;Zeus;BRA-1282;Brasil;Dois Irmãos do Buriti;2.169,00;5;MANUFATURA;TERCEIRO;SETE LINHAS AEREAS S/A;Gold
