COD MOVIMENTO;COD PRODUTO;DATA;ID LOJA;ESTOQUE;TIPO
129;1;01/01/2021;Loja_SP;5;Entrada
130;2;01/01/2021;Loja_SP;5;Entrada
131;3;01/01/2021;Loja_SP;5;Entrada
132;4;01/01/2021;Loja_SP;5;Entrada
133;5;01/01/2021;Loja_SP;5;Entrada
134;6;01/01/2021;Loja_SP;5;Entrada
135;7;01/01/2021;Loja_SP;5;Entrada
136;8;01/01/2021;Loja_SP;5;Entrada
137;9;01/01/2021;Loja_SP;5;Entrada
138;10;01/01/2021;Loja_SP;5;Entrada
139;11;01/01/2021;Loja_SP;5;Entrada
140;12;01/01/2021;Loja_SP;5;Entrada
141;13;01/01/2021;Loja_SP;5;Entrada
142;14;01/01/2021;Loja_SP;5;Entrada
143;15;01/01/2021;Loja_SP;5;Entrada
144;16;01/01/2021;Loja_SP;5;Entrada
145;17;01/01/2021;Loja_SP;5;Entrada
146;18;01/01/2021;Loja_SP;5;Entrada
147;19;01/01/2021;Loja_SP;5;Entrada
148;20;01/01/2021;Loja_SP;5;Entrada
149;21;01/01/2021;Loja_SP;5;Entrada
150;22;01/01/2021;Loja_SP;5;Entrada
151;23;01/01/2021;Loja_SP;5;Entrada
152;24;01/01/2021;Loja_SP;5;Entrada
153;25;01/01/2021;Loja_SP;5;Entrada
154;26;01/01/2021;Loja_SP;5;Entrada
155;27;01/01/2021;Loja_SP;5;Entrada
156;28;01/01/2021;Loja_SP;5;Entrada
157;29;01/01/2021;Loja_SP;5;Entrada
158;30;01/01/2021;Loja_SP;5;Entrada
159;31;01/01/2021;Loja_SP;5;Entrada
160;32;01/01/2021;Loja_SP;5;Entrada
162;14;01/01/2021;Loja_SP;-3;Saída
169;1;01/01/2021;Loja_SP;-1;Saída
181;20;01/01/2021;Loja_SP;-1;Saída
194;25;01/01/2021;Loja_SP;2;Entrada
199;21;02/01/2021;Loja_SP;2;Entrada
217;23;02/01/2021;Loja_SP;-1;Saída
230;14;02/01/2021;Loja_SP;13;Entrada
234;20;02/01/2021;Loja_SP;10;Entrada
240;14;02/01/2021;Loja_SP;-2;Saída
252;6;03/01/2021;Loja_SP;3;Entrada
257;28;03/01/2021;Loja_SP;-2;Saída
258;26;03/01/2021;Loja_SP;-2;Saída
260;19;03/01/2021;Loja_SP;3;Entrada
271;26;03/01/2021;Loja_SP;-1;Saída
274;30;03/01/2021;Loja_SP;-1;Saída
280;4;03/01/2021;Loja_SP;-1;Saída
297;18;04/01/2021;Loja_SP;6;Devolução
300;11;04/01/2021;Loja_SP;2;Devolução
303;23;04/01/2021;Loja_SP;9;Entrada
305;12;04/01/2021;Loja_SP;2;Devolução
317;24;04/01/2021;Loja_SP;2;Entrada
321;27;04/01/2021;Loja_SP;-3;Saída
323;30;04/01/2021;Loja_SP;13;Entrada
335;4;05/01/2021;Loja_SP;-1;Saída
362;26;05/01/2021;Loja_SP;-6;Saída
364;26;05/01/2021;Loja_SP;-1;Saída
402;25;06/01/2021;Loja_SP;3;Entrada
407;21;06/01/2021;Loja_SP;3;Entrada
412;3;06/01/2021;Loja_SP;-2;Saída
428;7;07/01/2021;Loja_SP;2;Entrada
451;14;07/01/2021;Loja_SP;6;Entrada
457;22;08/01/2021;Loja_SP;-3;Saída
497;2;09/01/2021;Loja_SP;-2;Saída
505;1;09/01/2021;Loja_SP;4;Entrada
514;18;09/01/2021;Loja_SP;2;Entrada
517;3;09/01/2021;Loja_SP;3;Devolução
535;14;09/01/2021;Loja_SP;-4;Saída
544;30;09/01/2021;Loja_SP;2;Entrada
549;26;10/01/2021;Loja_SP;-3;Saída
591;12;10/01/2021;Loja_SP;-6;Saída
595;21;11/01/2021;Loja_SP;-2;Saída
598;11;11/01/2021;Loja_SP;-5;Saída
602;9;11/01/2021;Loja_SP;4;Entrada
607;23;11/01/2021;Loja_SP;12;Entrada
617;14;11/01/2021;Loja_SP;2;Entrada
628;27;11/01/2021;Loja_SP;5;Entrada
655;24;12/01/2021;Loja_SP;2;Entrada
665;8;13/01/2021;Loja_SP;4;Entrada
690;12;13/01/2021;Loja_SP;-1;Saída
693;10;13/01/2021;Loja_SP;4;Entrada
717;12;14/01/2021;Loja_SP;3;Entrada
735;27;14/01/2021;Loja_SP;-1;Saída
738;25;14/01/2021;Loja_SP;2;Entrada
748;22;15/01/2021;Loja_SP;4;Entrada
760;10;15/01/2021;Loja_SP;2;Entrada
761;11;15/01/2021;Loja_SP;3;Entrada
787;24;15/01/2021;Loja_SP;3;Entrada
788;12;16/01/2021;Loja_SP;2;Entrada
792;19;16/01/2021;Loja_SP;-3;Saída
797;24;16/01/2021;Loja_SP;-3;Saída
798;31;16/01/2021;Loja_SP;-1;Saída
806;24;16/01/2021;Loja_SP;2;Entrada
818;24;16/01/2021;Loja_SP;2;Entrada
819;9;16/01/2021;Loja_SP;2;Entrada
829;3;16/01/2021;Loja_SP;-1;Saída
832;3;16/01/2021;Loja_SP;2;Entrada
841;10;17/01/2021;Loja_SP;2;Entrada
842;23;17/01/2021;Loja_SP;-1;Saída
851;9;17/01/2021;Loja_SP;7;Entrada
854;5;17/01/2021;Loja_SP;-3;Saída
855;3;17/01/2021;Loja_SP;7;Entrada
870;24;17/01/2021;Loja_SP;3;Entrada
880;5;17/01/2021;Loja_SP;-1;Saída
881;18;17/01/2021;Loja_SP;-2;Saída
906;5;18/01/2021;Loja_SP;3;Entrada
922;20;18/01/2021;Loja_SP;-1;Saída
925;14;18/01/2021;Loja_SP;5;Devolução
927;20;18/01/2021;Loja_SP;-1;Saída
929;22;19/01/2021;Loja_SP;-1;Saída
935;3;19/01/2021;Loja_SP;2;Entrada
956;26;19/01/2021;Loja_SP;-3;Saída
957;18;19/01/2021;Loja_SP;2;Entrada
968;4;20/01/2021;Loja_SP;7;Devolução
977;5;20/01/2021;Loja_SP;2;Entrada
996;11;20/01/2021;Loja_SP;2;Entrada
1026;28;21/01/2021;Loja_SP;2;Entrada
1033;4;21/01/2021;Loja_SP;4;Entrada
1035;7;21/01/2021;Loja_SP;3;Entrada
1051;24;22/01/2021;Loja_SP;2;Devolução
1056;18;22/01/2021;Loja_SP;2;Entrada
1083;11;23/01/2021;Loja_SP;-2;Saída
1086;14;23/01/2021;Loja_SP;2;Entrada
1103;3;23/01/2021;Loja_SP;2;Entrada
1107;18;23/01/2021;Loja_SP;2;Entrada
1116;10;23/01/2021;Loja_SP;-2;Saída
1138;7;24/01/2021;Loja_SP;-1;Saída
1139;26;24/01/2021;Loja_SP;13;Entrada
1140;23;24/01/2021;Loja_SP;-2;Saída
1149;21;24/01/2021;Loja_SP;5;Entrada
1167;24;25/01/2021;Loja_SP;-2;Saída
1169;3;25/01/2021;Loja_SP;-1;Saída
1173;20;25/01/2021;Loja_SP;4;Entrada
1178;13;25/01/2021;Loja_SP;3;Entrada
1180;13;25/01/2021;Loja_SP;-2;Saída
1182;29;25/01/2021;Loja_SP;2;Entrada
1184;23;25/01/2021;Loja_SP;-8;Saída
1227;26;26/01/2021;Loja_SP;-1;Saída
1246;28;26/01/2021;Loja_SP;-1;Saída
1257;20;26/01/2021;Loja_SP;4;Entrada
1274;13;27/01/2021;Loja_SP;4;Entrada
1291;20;27/01/2021;Loja_SP;6;Entrada
1335;18;28/01/2021;Loja_SP;4;Entrada
1357;5;29/01/2021;Loja_SP;4;Entrada
1368;11;29/01/2021;Loja_SP;2;Entrada
1395;8;30/01/2021;Loja_SP;4;Entrada
1405;8;30/01/2021;Loja_SP;3;Entrada
1408;26;30/01/2021;Loja_SP;-1;Saída
1409;24;30/01/2021;Loja_SP;3;Entrada
1412;27;30/01/2021;Loja_SP;2;Entrada
1430;24;31/01/2021;Loja_SP;2;Entrada
1431;26;31/01/2021;Loja_SP;5;Entrada
1444;3;31/01/2021;Loja_SP;-3;Saída
1454;23;31/01/2021;Loja_SP;2;Entrada
1500;3;01/02/2021;Loja_SP;3;Entrada
1506;8;02/02/2021;Loja_SP;5;Entrada
1512;26;02/02/2021;Loja_SP;2;Entrada
1515;21;02/02/2021;Loja_SP;-3;Saída
1521;28;02/02/2021;Loja_SP;3;Entrada
1539;8;02/02/2021;Loja_SP;2;Entrada
1569;20;03/02/2021;Loja_SP;-1;Saída
1578;13;03/02/2021;Loja_SP;-1;Saída
1585;8;03/02/2021;Loja_SP;2;Devolução
1604;28;04/02/2021;Loja_SP;4;Entrada
1605;23;04/02/2021;Loja_SP;2;Devolução
1609;23;04/02/2021;Loja_SP;5;Devolução
1610;27;04/02/2021;Loja_SP;2;Entrada
1613;28;04/02/2021;Loja_SP;-1;Saída
1622;30;04/02/2021;Loja_SP;2;Entrada
1627;8;04/02/2021;Loja_SP;-4;Saída
1635;9;04/02/2021;Loja_SP;-1;Saída
1643;20;05/02/2021;Loja_SP;-2;Saída
1650;4;05/02/2021;Loja_SP;4;Entrada
1652;8;05/02/2021;Loja_SP;3;Entrada
1656;27;05/02/2021;Loja_SP;-2;Saída
1662;13;05/02/2021;Loja_SP;2;Entrada
1688;10;06/02/2021;Loja_SP;2;Entrada
1690;20;06/02/2021;Loja_SP;-2;Saída
1698;3;06/02/2021;Loja_SP;3;Devolução
1699;26;06/02/2021;Loja_SP;-1;Saída
1721;14;07/02/2021;Loja_SP;3;Entrada
1733;27;07/02/2021;Loja_SP;2;Entrada
1745;19;07/02/2021;Loja_SP;-1;Saída
1747;26;07/02/2021;Loja_SP;-2;Saída
1751;5;07/02/2021;Loja_SP;-4;Saída
1754;29;07/02/2021;Loja_SP;-1;Saída
1780;22;08/02/2021;Loja_SP;3;Devolução
1783;5;08/02/2021;Loja_SP;-4;Saída
1800;25;09/02/2021;Loja_SP;16;Entrada
1806;6;09/02/2021;Loja_SP;3;Entrada
1823;26;09/02/2021;Loja_SP;-1;Saída
1835;26;10/02/2021;Loja_SP;2;Entrada
1848;9;10/02/2021;Loja_SP;2;Entrada
1851;20;10/02/2021;Loja_SP;-2;Saída
1868;21;10/02/2021;Loja_SP;-3;Saída
1870;12;11/02/2021;Loja_SP;2;Entrada
1873;12;11/02/2021;Loja_SP;5;Entrada
1884;8;11/02/2021;Loja_SP;-2;Saída
1890;12;11/02/2021;Loja_SP;3;Entrada
1893;13;11/02/2021;Loja_SP;2;Entrada
1911;27;12/02/2021;Loja_SP;-4;Saída
1912;25;12/02/2021;Loja_SP;-2;Saída
1917;11;12/02/2021;Loja_SP;-2;Saída
1922;22;12/02/2021;Loja_SP;-2;Saída
1928;8;12/02/2021;Loja_SP;-2;Saída
1936;1;12/02/2021;Loja_SP;2;Entrada
1942;14;13/02/2021;Loja_SP;-1;Saída
1987;24;14/02/2021;Loja_SP;2;Entrada
2002;27;14/02/2021;Loja_SP;2;Entrada
2003;18;14/02/2021;Loja_SP;2;Entrada
2008;31;14/02/2021;Loja_SP;2;Entrada
2014;19;15/02/2021;Loja_SP;2;Entrada
2016;12;15/02/2021;Loja_SP;-1;Saída
2043;27;15/02/2021;Loja_SP;-1;Saída
2048;23;16/02/2021;Loja_SP;-2;Saída
2061;5;16/02/2021;Loja_SP;2;Entrada
2063;10;16/02/2021;Loja_SP;-4;Saída
2072;28;16/02/2021;Loja_SP;3;Entrada
2076;17;16/02/2021;Loja_SP;2;Entrada
2079;26;16/02/2021;Loja_SP;2;Entrada
2102;20;17/02/2021;Loja_SP;2;Entrada
2115;10;17/02/2021;Loja_SP;-1;Saída
2120;4;17/02/2021;Loja_SP;3;Entrada
2126;21;17/02/2021;Loja_SP;2;Entrada
2127;29;17/02/2021;Loja_SP;-2;Saída
2140;2;18/02/2021;Loja_SP;-1;Saída
2147;21;18/02/2021;Loja_SP;-1;Saída
2178;6;19/02/2021;Loja_SP;-3;Saída
2193;13;19/02/2021;Loja_SP;-1;Saída
2195;4;19/02/2021;Loja_SP;7;Entrada
2199;11;19/02/2021;Loja_SP;2;Entrada
2211;20;19/02/2021;Loja_SP;4;Entrada
2214;12;19/02/2021;Loja_SP;2;Entrada
2226;21;20/02/2021;Loja_SP;-1;Saída
2233;21;20/02/2021;Loja_SP;-3;Saída
2242;28;20/02/2021;Loja_SP;-4;Saída
2255;11;20/02/2021;Loja_SP;-3;Saída
2268;22;21/02/2021;Loja_SP;3;Devolução
2300;29;22/02/2021;Loja_SP;3;Entrada
2310;15;22/02/2021;Loja_SP;2;Devolução
2315;24;22/02/2021;Loja_SP;-1;Saída
2318;13;22/02/2021;Loja_SP;-2;Saída
2328;2;22/02/2021;Loja_SP;-1;Saída
2354;10;23/02/2021;Loja_SP;4;Entrada
2355;3;23/02/2021;Loja_SP;2;Entrada
2366;26;23/02/2021;Loja_SP;2;Entrada
2390;2;24/02/2021;Loja_SP;2;Entrada
2401;18;24/02/2021;Loja_SP;-2;Saída
2410;4;25/02/2021;Loja_SP;-5;Saída
2423;11;25/02/2021;Loja_SP;2;Entrada
2434;17;25/02/2021;Loja_SP;2;Entrada
2444;11;25/02/2021;Loja_SP;-3;Saída
2445;2;25/02/2021;Loja_SP;2;Entrada
2447;7;25/02/2021;Loja_SP;-3;Saída
2455;31;26/02/2021;Loja_SP;-5;Saída
2469;10;26/02/2021;Loja_SP;-1;Saída
2472;15;26/02/2021;Loja_SP;-1;Saída
2488;11;26/02/2021;Loja_SP;8;Entrada
2503;10;27/02/2021;Loja_SP;3;Entrada
2521;14;27/02/2021;Loja_SP;6;Entrada
2529;14;27/02/2021;Loja_SP;2;Entrada
2531;5;28/02/2021;Loja_SP;2;Devolução
2552;28;28/02/2021;Loja_SP;2;Devolução
2553;24;28/02/2021;Loja_SP;-2;Saída
2561;14;28/02/2021;Loja_SP;4;Entrada
2563;25;28/02/2021;Loja_SP;2;Entrada
2610;12;01/03/2021;Loja_SP;3;Entrada
2657;11;02/03/2021;Loja_SP;-1;Saída
2659;11;02/03/2021;Loja_SP;3;Entrada
2687;24;02/03/2021;Loja_SP;2;Devolução
2695;14;03/03/2021;Loja_SP;-3;Saída
2709;31;03/03/2021;Loja_SP;2;Entrada
2722;8;03/03/2021;Loja_SP;-1;Saída
2727;18;03/03/2021;Loja_SP;4;Entrada
2738;10;04/03/2021;Loja_SP;-1;Saída
2744;13;04/03/2021;Loja_SP;2;Entrada
2772;20;04/03/2021;Loja_SP;2;Entrada
2782;23;05/03/2021;Loja_SP;2;Entrada
2792;20;05/03/2021;Loja_SP;3;Entrada
2803;7;05/03/2021;Loja_SP;2;Entrada
2811;11;05/03/2021;Loja_SP;-3;Saída
2827;10;06/03/2021;Loja_SP;4;Entrada
2830;4;06/03/2021;Loja_SP;2;Entrada
2841;6;06/03/2021;Loja_SP;5;Entrada
2845;3;06/03/2021;Loja_SP;-3;Saída
2848;13;06/03/2021;Loja_SP;-1;Saída
2854;3;06/03/2021;Loja_SP;3;Entrada
2857;22;06/03/2021;Loja_SP;2;Entrada
2869;30;07/03/2021;Loja_SP;3;Entrada
2902;22;07/03/2021;Loja_SP;3;Entrada
2904;9;07/03/2021;Loja_SP;2;Entrada
2907;24;08/03/2021;Loja_SP;-1;Saída
2914;18;08/03/2021;Loja_SP;-1;Saída
2945;3;08/03/2021;Loja_SP;3;Entrada
2955;4;09/03/2021;Loja_SP;3;Entrada
2956;24;09/03/2021;Loja_SP;15;Entrada
2965;29;09/03/2021;Loja_SP;2;Entrada
2966;20;09/03/2021;Loja_SP;5;Entrada
2975;21;09/03/2021;Loja_SP;5;Entrada
2987;19;10/03/2021;Loja_SP;-1;Saída
2990;13;10/03/2021;Loja_SP;2;Entrada
3001;32;10/03/2021;Loja_SP;-1;Saída
3018;29;11/03/2021;Loja_SP;13;Entrada
3033;27;11/03/2021;Loja_SP;-4;Saída
3034;15;11/03/2021;Loja_SP;-1;Saída
3053;18;11/03/2021;Loja_SP;6;Entrada
3056;11;12/03/2021;Loja_SP;-2;Saída
3065;21;12/03/2021;Loja_SP;2;Entrada
3101;25;13/03/2021;Loja_SP;-3;Saída
3110;11;13/03/2021;Loja_SP;2;Entrada
3119;3;13/03/2021;Loja_SP;-1;Saída
3123;18;13/03/2021;Loja_SP;5;Entrada
3142;9;13/03/2021;Loja_SP;9;Entrada
3143;29;13/03/2021;Loja_SP;2;Entrada
3153;10;14/03/2021;Loja_SP;2;Entrada
3156;23;14/03/2021;Loja_SP;-1;Saída
3168;12;14/03/2021;Loja_SP;3;Entrada
3171;23;14/03/2021;Loja_SP;-1;Saída
3173;9;14/03/2021;Loja_SP;-3;Saída
3174;4;14/03/2021;Loja_SP;-3;Saída
3182;9;14/03/2021;Loja_SP;-2;Saída
3184;14;14/03/2021;Loja_SP;3;Entrada
3196;30;14/03/2021;Loja_SP;-2;Saída
3202;26;15/03/2021;Loja_SP;3;Entrada
3207;16;15/03/2021;Loja_SP;2;Entrada
3215;32;15/03/2021;Loja_SP;2;Devolução
3217;23;15/03/2021;Loja_SP;-1;Saída
3222;19;15/03/2021;Loja_SP;2;Entrada
3238;19;15/03/2021;Loja_SP;-3;Saída
3263;11;16/03/2021;Loja_SP;2;Entrada
3267;21;16/03/2021;Loja_SP;-2;Saída
3286;5;17/03/2021;Loja_SP;5;Entrada
3289;27;17/03/2021;Loja_SP;-4;Saída
3294;6;17/03/2021;Loja_SP;-1;Saída
3322;11;18/03/2021;Loja_SP;-4;Saída
3325;9;18/03/2021;Loja_SP;6;Entrada
3327;20;18/03/2021;Loja_SP;-4;Saída
3329;4;18/03/2021;Loja_SP;-3;Saída
3333;9;18/03/2021;Loja_SP;2;Entrada
3337;30;18/03/2021;Loja_SP;3;Devolução
3338;31;18/03/2021;Loja_SP;-1;Saída
3351;21;18/03/2021;Loja_SP;5;Entrada
3374;27;19/03/2021;Loja_SP;-2;Saída
3398;18;19/03/2021;Loja_SP;-1;Saída
3415;22;20/03/2021;Loja_SP;4;Entrada
3420;25;20/03/2021;Loja_SP;12;Entrada
3433;4;20/03/2021;Loja_SP;-4;Saída
3436;10;20/03/2021;Loja_SP;2;Entrada
3451;17;21/03/2021;Loja_SP;2;Entrada
3452;21;21/03/2021;Loja_SP;-1;Saída
3461;27;21/03/2021;Loja_SP;-3;Saída
3485;8;21/03/2021;Loja_SP;-1;Saída
3486;19;21/03/2021;Loja_SP;2;Entrada
3488;5;22/03/2021;Loja_SP;4;Entrada
3511;4;22/03/2021;Loja_SP;5;Entrada
3512;14;22/03/2021;Loja_SP;3;Entrada
3515;27;22/03/2021;Loja_SP;7;Entrada
3516;7;22/03/2021;Loja_SP;3;Entrada
3521;31;23/03/2021;Loja_SP;2;Entrada
3526;29;23/03/2021;Loja_SP;2;Entrada
3565;20;24/03/2021;Loja_SP;-2;Saída
3567;21;24/03/2021;Loja_SP;7;Devolução
3579;9;25/03/2021;Loja_SP;-2;Saída
3603;21;25/03/2021;Loja_SP;2;Entrada
3617;10;25/03/2021;Loja_SP;5;Entrada
3620;3;25/03/2021;Loja_SP;4;Entrada
3630;12;26/03/2021;Loja_SP;-1;Saída
3635;7;26/03/2021;Loja_SP;3;Entrada
3637;5;26/03/2021;Loja_SP;3;Entrada
3644;7;26/03/2021;Loja_SP;-4;Saída
3652;22;26/03/2021;Loja_SP;-1;Saída
3674;27;27/03/2021;Loja_SP;4;Devolução
3693;24;27/03/2021;Loja_SP;2;Entrada
3709;27;27/03/2021;Loja_SP;4;Entrada
3711;26;27/03/2021;Loja_SP;-4;Saída
3725;30;28/03/2021;Loja_SP;-1;Saída
3769;8;29/03/2021;Loja_SP;5;Entrada
3777;25;29/03/2021;Loja_SP;2;Entrada
3783;12;29/03/2021;Loja_SP;8;Entrada
3797;16;29/03/2021;Loja_SP;2;Entrada
3817;17;30/03/2021;Loja_SP;2;Entrada
3822;21;30/03/2021;Loja_SP;-3;Saída
3823;13;30/03/2021;Loja_SP;-2;Saída
3827;13;30/03/2021;Loja_SP;2;Entrada
3829;5;30/03/2021;Loja_SP;3;Entrada
3844;31;31/03/2021;Loja_SP;11;Entrada
3877;13;01/04/2021;Loja_SP;3;Entrada
3885;9;01/04/2021;Loja_SP;-3;Saída
3897;28;01/04/2021;Loja_SP;2;Entrada
3906;25;01/04/2021;Loja_SP;-3;Saída
3912;24;01/04/2021;Loja_SP;2;Entrada
3914;23;01/04/2021;Loja_SP;7;Entrada
3919;18;01/04/2021;Loja_SP;-5;Saída
3958;8;02/04/2021;Loja_SP;2;Entrada
3965;5;02/04/2021;Loja_SP;-2;Saída
3966;28;02/04/2021;Loja_SP;-2;Saída
3977;7;03/04/2021;Loja_SP;-2;Saída
3995;28;03/04/2021;Loja_SP;4;Entrada
3999;18;03/04/2021;Loja_SP;2;Entrada
4000;8;03/04/2021;Loja_SP;2;Entrada
4003;31;03/04/2021;Loja_SP;-2;Saída
4004;23;03/04/2021;Loja_SP;-1;Saída
4008;19;03/04/2021;Loja_SP;-3;Saída
4012;4;03/04/2021;Loja_SP;7;Entrada
4016;15;04/04/2021;Loja_SP;-1;Saída
4018;13;04/04/2021;Loja_SP;7;Entrada
4027;28;04/04/2021;Loja_SP;2;Entrada
4036;12;04/04/2021;Loja_SP;3;Entrada
4064;18;05/04/2021;Loja_SP;2;Entrada
4066;18;05/04/2021;Loja_SP;-3;Saída
4069;3;05/04/2021;Loja_SP;3;Entrada
4072;3;05/04/2021;Loja_SP;-2;Saída
4091;20;05/04/2021;Loja_SP;4;Entrada
4107;24;06/04/2021;Loja_SP;-3;Saída
4117;23;06/04/2021;Loja_SP;-2;Saída
4127;14;06/04/2021;Loja_SP;3;Entrada
4143;3;07/04/2021;Loja_SP;5;Entrada
4144;21;07/04/2021;Loja_SP;3;Entrada
4151;3;07/04/2021;Loja_SP;2;Entrada
4194;24;08/04/2021;Loja_SP;-5;Saída
4202;9;08/04/2021;Loja_SP;6;Devolução
4211;7;08/04/2021;Loja_SP;-3;Saída
4215;6;08/04/2021;Loja_SP;5;Entrada
4221;12;08/04/2021;Loja_SP;-1;Saída
4230;9;09/04/2021;Loja_SP;-1;Saída
4244;29;09/04/2021;Loja_SP;16;Entrada
4259;11;09/04/2021;Loja_SP;4;Entrada
4275;6;10/04/2021;Loja_SP;-1;Saída
4291;24;10/04/2021;Loja_SP;-1;Saída
4301;28;10/04/2021;Loja_SP;2;Entrada
4321;5;11/04/2021;Loja_SP;-1;Saída
4329;26;11/04/2021;Loja_SP;3;Entrada
4331;27;11/04/2021;Loja_SP;-4;Saída
4333;8;11/04/2021;Loja_SP;-1;Saída
4342;15;12/04/2021;Loja_SP;2;Entrada
4344;18;12/04/2021;Loja_SP;3;Devolução
4347;27;12/04/2021;Loja_SP;-2;Saída
4356;24;12/04/2021;Loja_SP;10;Entrada
4366;14;12/04/2021;Loja_SP;4;Entrada
4369;19;12/04/2021;Loja_SP;3;Entrada
4370;11;12/04/2021;Loja_SP;-2;Saída
4402;5;13/04/2021;Loja_SP;2;Entrada
4417;7;13/04/2021;Loja_SP;4;Entrada
4439;9;14/04/2021;Loja_SP;4;Entrada
4441;21;14/04/2021;Loja_SP;-1;Saída
4458;31;14/04/2021;Loja_SP;5;Entrada
4470;5;15/04/2021;Loja_SP;3;Entrada
4473;10;15/04/2021;Loja_SP;4;Entrada
4480;11;15/04/2021;Loja_SP;-3;Saída
4487;8;15/04/2021;Loja_SP;-3;Saída
4489;30;15/04/2021;Loja_SP;-4;Saída
4491;32;15/04/2021;Loja_SP;2;Entrada
4503;9;16/04/2021;Loja_SP;-2;Saída
4505;5;16/04/2021;Loja_SP;-4;Saída
4508;11;16/04/2021;Loja_SP;3;Entrada
4527;27;16/04/2021;Loja_SP;4;Entrada
4528;30;16/04/2021;Loja_SP;3;Entrada
4530;7;16/04/2021;Loja_SP;4;Entrada
4535;19;16/04/2021;Loja_SP;4;Devolução
4545;12;16/04/2021;Loja_SP;-2;Saída
4554;23;17/04/2021;Loja_SP;2;Entrada
4567;27;17/04/2021;Loja_SP;3;Entrada
4572;2;17/04/2021;Loja_SP;-1;Saída
4573;12;17/04/2021;Loja_SP;-2;Saída
4597;8;18/04/2021;Loja_SP;3;Entrada
4599;10;18/04/2021;Loja_SP;5;Devolução
4600;24;18/04/2021;Loja_SP;4;Entrada
4622;4;18/04/2021;Loja_SP;5;Devolução
4654;21;19/04/2021;Loja_SP;3;Devolução
4658;19;20/04/2021;Loja_SP;2;Entrada
4671;15;20/04/2021;Loja_SP;2;Entrada
4679;26;20/04/2021;Loja_SP;3;Entrada
4683;25;20/04/2021;Loja_SP;3;Entrada
4708;1;21/04/2021;Loja_SP;2;Entrada
4736;20;22/04/2021;Loja_SP;3;Devolução
4738;6;22/04/2021;Loja_SP;-4;Saída
4763;3;22/04/2021;Loja_SP;-4;Saída
4775;21;23/04/2021;Loja_SP;-1;Saída
4778;20;23/04/2021;Loja_SP;2;Entrada
4806;12;23/04/2021;Loja_SP;3;Entrada
4807;4;23/04/2021;Loja_SP;5;Entrada
4835;23;24/04/2021;Loja_SP;2;Entrada
4839;28;24/04/2021;Loja_SP;2;Entrada
4845;32;24/04/2021;Loja_SP;-1;Saída
4852;19;24/04/2021;Loja_SP;4;Entrada
4858;7;25/04/2021;Loja_SP;2;Devolução
4873;4;25/04/2021;Loja_SP;2;Entrada
4890;13;25/04/2021;Loja_SP;2;Entrada
4898;3;25/04/2021;Loja_SP;-3;Saída
4900;22;25/04/2021;Loja_SP;-1;Saída
4902;22;25/04/2021;Loja_SP;-1;Saída
4912;22;25/04/2021;Loja_SP;2;Entrada
4913;20;25/04/2021;Loja_SP;-1;Saída
4919;11;26/04/2021;Loja_SP;5;Entrada
4948;28;26/04/2021;Loja_SP;-2;Saída
4950;13;26/04/2021;Loja_SP;-2;Saída
4956;14;27/04/2021;Loja_SP;3;Entrada
4961;7;27/04/2021;Loja_SP;3;Entrada
4967;5;27/04/2021;Loja_SP;-1;Saída
4969;31;27/04/2021;Loja_SP;-2;Saída
4975;9;27/04/2021;Loja_SP;2;Entrada
4987;6;27/04/2021;Loja_SP;2;Entrada
4991;12;27/04/2021;Loja_SP;3;Entrada
5000;18;27/04/2021;Loja_SP;-3;Saída
5008;10;28/04/2021;Loja_SP;-1;Saída
5014;5;28/04/2021;Loja_SP;6;Entrada
5031;20;28/04/2021;Loja_SP;4;Entrada
5039;3;29/04/2021;Loja_SP;-1;Saída
5055;12;29/04/2021;Loja_SP;2;Devolução
5068;3;29/04/2021;Loja_SP;4;Entrada
5075;7;29/04/2021;Loja_SP;2;Entrada
5085;21;29/04/2021;Loja_SP;4;Entrada
5090;23;30/04/2021;Loja_SP;4;Entrada
5092;21;30/04/2021;Loja_SP;2;Entrada
5117;4;30/04/2021;Loja_SP;4;Entrada
5133;30;01/05/2021;Loja_SP;3;Entrada
5156;24;01/05/2021;Loja_SP;-2;Saída
5158;17;01/05/2021;Loja_SP;2;Entrada
5165;6;01/05/2021;Loja_SP;-1;Saída
5179;29;02/05/2021;Loja_SP;2;Entrada
5182;10;02/05/2021;Loja_SP;8;Entrada
5196;23;02/05/2021;Loja_SP;-2;Saída
5199;27;02/05/2021;Loja_SP;4;Entrada
5248;29;03/05/2021;Loja_SP;-1;Saída
5251;20;03/05/2021;Loja_SP;3;Entrada
5252;26;03/05/2021;Loja_SP;4;Entrada
5296;21;05/05/2021;Loja_SP;2;Entrada
5309;6;05/05/2021;Loja_SP;-2;Saída
5314;6;05/05/2021;Loja_SP;-3;Saída
5318;14;05/05/2021;Loja_SP;2;Entrada
5327;3;05/05/2021;Loja_SP;2;Entrada
5329;17;05/05/2021;Loja_SP;2;Entrada
5355;20;06/05/2021;Loja_SP;5;Entrada
5365;30;06/05/2021;Loja_SP;-1;Saída
5386;20;06/05/2021;Loja_SP;3;Entrada
5389;28;07/05/2021;Loja_SP;-1;Saída
5405;8;07/05/2021;Loja_SP;4;Entrada
5407;30;07/05/2021;Loja_SP;4;Entrada
5408;18;07/05/2021;Loja_SP;2;Entrada
5430;7;07/05/2021;Loja_SP;-2;Saída
5436;5;08/05/2021;Loja_SP;3;Entrada
5437;20;08/05/2021;Loja_SP;-2;Saída
5453;6;08/05/2021;Loja_SP;2;Entrada
5462;22;08/05/2021;Loja_SP;-1;Saída
5480;12;09/05/2021;Loja_SP;-2;Saída
5498;21;09/05/2021;Loja_SP;6;Entrada
5520;18;10/05/2021;Loja_SP;-4;Saída
5521;4;10/05/2021;Loja_SP;-4;Saída
5527;18;10/05/2021;Loja_SP;-2;Saída
5534;21;10/05/2021;Loja_SP;-2;Saída
5537;7;10/05/2021;Loja_SP;3;Entrada
5560;26;11/05/2021;Loja_SP;-2;Saída
5561;12;11/05/2021;Loja_SP;5;Entrada
5573;28;11/05/2021;Loja_SP;5;Entrada
5576;8;11/05/2021;Loja_SP;-2;Saída
5583;24;12/05/2021;Loja_SP;-2;Saída
5585;8;12/05/2021;Loja_SP;-1;Saída
5589;7;12/05/2021;Loja_SP;2;Entrada
5590;26;12/05/2021;Loja_SP;-3;Saída
5595;4;12/05/2021;Loja_SP;-2;Saída
5597;20;12/05/2021;Loja_SP;3;Entrada
5606;24;12/05/2021;Loja_SP;-1;Saída
5622;28;13/05/2021;Loja_SP;3;Entrada
5645;31;13/05/2021;Loja_SP;-2;Saída
5660;20;14/05/2021;Loja_SP;2;Devolução
5663;31;14/05/2021;Loja_SP;2;Entrada
5666;7;14/05/2021;Loja_SP;4;Entrada
5674;24;14/05/2021;Loja_SP;4;Entrada
5679;6;14/05/2021;Loja_SP;-1;Saída
5684;26;14/05/2021;Loja_SP;4;Entrada
5690;17;14/05/2021;Loja_SP;2;Entrada
5699;9;15/05/2021;Loja_SP;-3;Saída
5701;22;15/05/2021;Loja_SP;-1;Saída
5721;32;15/05/2021;Loja_SP;2;Entrada
5740;2;15/05/2021;Loja_SP;3;Entrada
5744;12;16/05/2021;Loja_SP;2;Entrada
5746;10;16/05/2021;Loja_SP;2;Entrada
5766;21;16/05/2021;Loja_SP;-1;Saída
5780;31;17/05/2021;Loja_SP;3;Entrada
5812;21;17/05/2021;Loja_SP;-3;Saída
5830;29;18/05/2021;Loja_SP;2;Devolução
5832;22;18/05/2021;Loja_SP;6;Entrada
5836;19;18/05/2021;Loja_SP;-1;Saída
5845;26;18/05/2021;Loja_SP;4;Entrada
5858;15;19/05/2021;Loja_SP;2;Entrada
5873;31;19/05/2021;Loja_SP;-1;Saída
5881;23;19/05/2021;Loja_SP;2;Entrada
5893;25;20/05/2021;Loja_SP;-1;Saída
5901;10;20/05/2021;Loja_SP;3;Devolução
5904;23;20/05/2021;Loja_SP;3;Entrada
5906;7;20/05/2021;Loja_SP;-3;Saída
5908;22;20/05/2021;Loja_SP;-1;Saída
5925;28;20/05/2021;Loja_SP;-1;Saída
5940;23;21/05/2021;Loja_SP;-1;Saída
5945;6;21/05/2021;Loja_SP;-2;Saída
5956;1;21/05/2021;Loja_SP;2;Entrada
5975;24;22/05/2021;Loja_SP;-3;Saída
5983;19;22/05/2021;Loja_SP;2;Entrada
6013;22;22/05/2021;Loja_SP;-3;Saída
6016;23;23/05/2021;Loja_SP;-2;Saída
6021;1;23/05/2021;Loja_SP;-1;Saída
6064;24;24/05/2021;Loja_SP;-1;Saída
6069;19;24/05/2021;Loja_SP;2;Entrada
6074;21;24/05/2021;Loja_SP;2;Entrada
6077;7;24/05/2021;Loja_SP;4;Entrada
6089;3;24/05/2021;Loja_SP;-5;Saída
6099;4;24/05/2021;Loja_SP;-1;Saída
6104;11;25/05/2021;Loja_SP;3;Entrada
6113;9;25/05/2021;Loja_SP;-2;Saída
6114;12;25/05/2021;Loja_SP;-2;Saída
6116;3;25/05/2021;Loja_SP;2;Entrada
6117;15;25/05/2021;Loja_SP;-1;Saída
6124;26;25/05/2021;Loja_SP;2;Entrada
6139;23;26/05/2021;Loja_SP;-2;Saída
6166;27;26/05/2021;Loja_SP;2;Entrada
6171;7;26/05/2021;Loja_SP;2;Entrada
6172;32;26/05/2021;Loja_SP;2;Devolução
6174;28;26/05/2021;Loja_SP;2;Entrada
6176;23;26/05/2021;Loja_SP;3;Entrada
6194;22;27/05/2021;Loja_SP;4;Entrada
6199;1;27/05/2021;Loja_SP;-1;Saída
6202;14;27/05/2021;Loja_SP;-1;Saída
6206;18;27/05/2021;Loja_SP;2;Entrada
6222;27;28/05/2021;Loja_SP;-4;Saída
6225;23;28/05/2021;Loja_SP;2;Entrada
6232;13;28/05/2021;Loja_SP;-3;Saída
6271;12;29/05/2021;Loja_SP;2;Devolução
6281;11;29/05/2021;Loja_SP;4;Entrada
6286;20;29/05/2021;Loja_SP;5;Entrada
6295;8;29/05/2021;Loja_SP;2;Devolução
6301;23;29/05/2021;Loja_SP;4;Entrada
6306;32;29/05/2021;Loja_SP;-1;Saída
6318;26;30/05/2021;Loja_SP;-3;Saída
6321;29;30/05/2021;Loja_SP;-1;Saída
6323;4;30/05/2021;Loja_SP;-3;Saída
6345;7;30/05/2021;Loja_SP;6;Entrada
6376;10;31/05/2021;Loja_SP;2;Entrada
6386;18;01/06/2021;Loja_SP;-4;Saída
6395;21;01/06/2021;Loja_SP;2;Entrada
6400;9;01/06/2021;Loja_SP;-2;Saída
6403;11;01/06/2021;Loja_SP;-7;Saída
6405;3;01/06/2021;Loja_SP;3;Entrada
6424;22;01/06/2021;Loja_SP;-2;Saída
6446;11;02/06/2021;Loja_SP;2;Entrada
6457;23;02/06/2021;Loja_SP;-2;Saída
6472;8;03/06/2021;Loja_SP;-5;Saída
6476;14;03/06/2021;Loja_SP;3;Entrada
6487;19;03/06/2021;Loja_SP;7;Entrada
6525;25;04/06/2021;Loja_SP;3;Entrada
6536;32;05/06/2021;Loja_SP;2;Entrada
6538;19;05/06/2021;Loja_SP;-1;Saída
6567;27;06/06/2021;Loja_SP;-2;Saída
6573;20;06/06/2021;Loja_SP;-6;Saída
6585;12;06/06/2021;Loja_SP;-4;Saída
6596;13;06/06/2021;Loja_SP;2;Entrada
6603;18;06/06/2021;Loja_SP;3;Entrada
6604;20;06/06/2021;Loja_SP;2;Entrada
6607;31;06/06/2021;Loja_SP;2;Entrada
6609;30;06/06/2021;Loja_SP;3;Entrada
6621;26;07/06/2021;Loja_SP;-3;Saída
6632;18;07/06/2021;Loja_SP;3;Entrada
6635;13;07/06/2021;Loja_SP;4;Entrada
6662;13;08/06/2021;Loja_SP;-1;Saída
6669;25;08/06/2021;Loja_SP;5;Entrada
6677;29;08/06/2021;Loja_SP;-4;Saída
6693;10;09/06/2021;Loja_SP;5;Devolução
6696;9;09/06/2021;Loja_SP;3;Entrada
6697;23;09/06/2021;Loja_SP;3;Entrada
6701;8;09/06/2021;Loja_SP;-1;Saída
6712;7;09/06/2021;Loja_SP;3;Entrada
6716;18;09/06/2021;Loja_SP;2;Entrada
6717;24;09/06/2021;Loja_SP;-1;Saída
6721;12;09/06/2021;Loja_SP;-4;Saída
6732;4;10/06/2021;Loja_SP;4;Entrada
6740;3;10/06/2021;Loja_SP;4;Entrada
6746;13;10/06/2021;Loja_SP;2;Entrada
6747;7;10/06/2021;Loja_SP;3;Entrada
6759;14;10/06/2021;Loja_SP;3;Entrada
6767;9;11/06/2021;Loja_SP;3;Entrada
6769;25;11/06/2021;Loja_SP;5;Entrada
6773;6;11/06/2021;Loja_SP;2;Entrada
6775;24;11/06/2021;Loja_SP;-2;Saída
6782;7;11/06/2021;Loja_SP;3;Entrada
6784;22;11/06/2021;Loja_SP;3;Entrada
6855;19;13/06/2021;Loja_SP;-4;Saída
6869;18;13/06/2021;Loja_SP;2;Entrada
6904;21;14/06/2021;Loja_SP;4;Devolução
6917;6;14/06/2021;Loja_SP;3;Entrada
6918;7;14/06/2021;Loja_SP;3;Entrada
6919;22;14/06/2021;Loja_SP;2;Entrada
6924;26;14/06/2021;Loja_SP;3;Entrada
6959;8;15/06/2021;Loja_SP;2;Entrada
6966;13;15/06/2021;Loja_SP;6;Entrada
7011;27;16/06/2021;Loja_SP;3;Entrada
7018;30;16/06/2021;Loja_SP;-2;Saída
7021;26;16/06/2021;Loja_SP;2;Entrada
7036;13;17/06/2021;Loja_SP;5;Entrada
7038;22;17/06/2021;Loja_SP;2;Entrada
7054;4;17/06/2021;Loja_SP;-3;Saída
7095;26;18/06/2021;Loja_SP;3;Devolução
7110;3;18/06/2021;Loja_SP;-9;Saída
7111;19;18/06/2021;Loja_SP;-1;Saída
7136;14;19/06/2021;Loja_SP;-1;Saída
7149;13;19/06/2021;Loja_SP;4;Entrada
7165;19;20/06/2021;Loja_SP;-3;Saída
7174;28;20/06/2021;Loja_SP;3;Devolução
7182;6;20/06/2021;Loja_SP;3;Entrada
7200;24;21/06/2021;Loja_SP;-2;Saída
7210;12;21/06/2021;Loja_SP;-1;Saída
7214;14;21/06/2021;Loja_SP;-1;Saída
7223;8;21/06/2021;Loja_SP;5;Entrada
7258;20;22/06/2021;Loja_SP;-1;Saída
7293;7;23/06/2021;Loja_SP;2;Entrada
7312;13;24/06/2021;Loja_SP;5;Entrada
7319;3;24/06/2021;Loja_SP;-1;Saída
7322;15;24/06/2021;Loja_SP;3;Entrada
7327;27;24/06/2021;Loja_SP;2;Entrada
7332;11;24/06/2021;Loja_SP;2;Entrada
7337;11;24/06/2021;Loja_SP;-8;Saída
7356;4;25/06/2021;Loja_SP;3;Entrada
7365;3;25/06/2021;Loja_SP;2;Entrada
7377;24;25/06/2021;Loja_SP;5;Entrada
7378;23;25/06/2021;Loja_SP;2;Entrada
7383;26;25/06/2021;Loja_SP;-6;Saída
7397;12;25/06/2021;Loja_SP;4;Entrada
7401;3;25/06/2021;Loja_SP;-2;Saída
7409;6;25/06/2021;Loja_SP;4;Entrada
7424;12;26/06/2021;Loja_SP;2;Entrada
7426;6;26/06/2021;Loja_SP;-1;Saída
7431;5;26/06/2021;Loja_SP;3;Entrada
7444;14;26/06/2021;Loja_SP;5;Entrada
7449;12;26/06/2021;Loja_SP;3;Entrada
7464;20;27/06/2021;Loja_SP;5;Entrada
7465;4;27/06/2021;Loja_SP;2;Entrada
7467;20;27/06/2021;Loja_SP;5;Entrada
7470;26;27/06/2021;Loja_SP;4;Entrada
7477;22;27/06/2021;Loja_SP;2;Entrada
7484;27;27/06/2021;Loja_SP;-2;Saída
7490;12;27/06/2021;Loja_SP;4;Entrada
7507;19;28/06/2021;Loja_SP;-2;Saída
7519;7;28/06/2021;Loja_SP;2;Entrada
7558;10;29/06/2021;Loja_SP;2;Devolução
7563;13;29/06/2021;Loja_SP;5;Entrada
7570;21;29/06/2021;Loja_SP;-3;Saída
7581;21;30/06/2021;Loja_SP;3;Entrada
7586;13;30/06/2021;Loja_SP;-1;Saída
7619;3;01/07/2021;Loja_SP;4;Devolução
7639;21;01/07/2021;Loja_SP;-2;Saída
7661;1;02/07/2021;Loja_SP;3;Entrada
7664;15;02/07/2021;Loja_SP;-1;Saída
7676;27;02/07/2021;Loja_SP;-1;Saída
7682;11;03/07/2021;Loja_SP;2;Entrada
7690;7;03/07/2021;Loja_SP;3;Entrada
7702;10;03/07/2021;Loja_SP;2;Entrada
7704;16;03/07/2021;Loja_SP;-1;Saída
7706;11;03/07/2021;Loja_SP;6;Entrada
7719;17;04/07/2021;Loja_SP;2;Entrada
7730;29;04/07/2021;Loja_SP;5;Entrada
7731;25;04/07/2021;Loja_SP;2;Entrada
7732;19;04/07/2021;Loja_SP;-4;Saída
7755;7;04/07/2021;Loja_SP;2;Entrada
7759;6;05/07/2021;Loja_SP;-1;Saída
7766;19;05/07/2021;Loja_SP;-1;Saída
7786;21;05/07/2021;Loja_SP;4;Entrada
7815;4;06/07/2021;Loja_SP;4;Entrada
7818;31;06/07/2021;Loja_SP;-1;Saída
7823;20;06/07/2021;Loja_SP;2;Devolução
7828;29;06/07/2021;Loja_SP;-3;Saída
7829;1;06/07/2021;Loja_SP;3;Entrada
7845;12;06/07/2021;Loja_SP;2;Entrada
7847;11;07/07/2021;Loja_SP;8;Entrada
7851;21;07/07/2021;Loja_SP;3;Entrada
7859;22;07/07/2021;Loja_SP;-2;Saída
7862;8;07/07/2021;Loja_SP;-1;Saída
7875;10;07/07/2021;Loja_SP;4;Entrada
7881;18;07/07/2021;Loja_SP;3;Devolução
7885;27;07/07/2021;Loja_SP;2;Entrada
7887;19;07/07/2021;Loja_SP;-4;Saída
7888;28;07/07/2021;Loja_SP;-2;Saída
7897;18;08/07/2021;Loja_SP;2;Entrada
7898;25;08/07/2021;Loja_SP;7;Entrada
7909;21;08/07/2021;Loja_SP;2;Entrada
7917;4;08/07/2021;Loja_SP;-1;Saída
7926;10;08/07/2021;Loja_SP;2;Entrada
7938;19;09/07/2021;Loja_SP;8;Entrada
7940;14;09/07/2021;Loja_SP;2;Entrada
7946;31;09/07/2021;Loja_SP;3;Entrada
7949;23;09/07/2021;Loja_SP;2;Entrada
7954;22;09/07/2021;Loja_SP;-4;Saída
7960;9;09/07/2021;Loja_SP;-2;Saída
7962;20;09/07/2021;Loja_SP;2;Entrada
7974;28;09/07/2021;Loja_SP;2;Entrada
7975;21;09/07/2021;Loja_SP;9;Entrada
8002;19;10/07/2021;Loja_SP;4;Devolução
8012;32;10/07/2021;Loja_SP;-1;Saída
8052;17;11/07/2021;Loja_SP;2;Entrada
8055;10;11/07/2021;Loja_SP;-3;Saída
8056;7;11/07/2021;Loja_SP;-1;Saída
8097;5;13/07/2021;Loja_SP;-1;Saída
8101;27;13/07/2021;Loja_SP;-4;Saída
8107;12;13/07/2021;Loja_SP;3;Entrada
8139;17;13/07/2021;Loja_SP;3;Entrada
8157;29;14/07/2021;Loja_SP;-1;Saída
8166;31;14/07/2021;Loja_SP;3;Entrada
8168;20;14/07/2021;Loja_SP;5;Entrada
8188;13;15/07/2021;Loja_SP;2;Entrada
8202;19;15/07/2021;Loja_SP;-2;Saída
8209;6;15/07/2021;Loja_SP;2;Entrada
8221;24;15/07/2021;Loja_SP;-1;Saída
8267;11;17/07/2021;Loja_SP;2;Entrada
8277;24;17/07/2021;Loja_SP;2;Entrada
8279;28;17/07/2021;Loja_SP;2;Entrada
8287;16;17/07/2021;Loja_SP;-2;Saída
8289;7;17/07/2021;Loja_SP;-5;Saída
8291;13;17/07/2021;Loja_SP;-1;Saída
8303;26;18/07/2021;Loja_SP;-3;Saída
8325;27;18/07/2021;Loja_SP;2;Entrada
8331;13;18/07/2021;Loja_SP;-2;Saída
8364;22;19/07/2021;Loja_SP;4;Entrada
8374;5;19/07/2021;Loja_SP;4;Entrada
8416;1;20/07/2021;Loja_SP;-1;Saída
8420;6;20/07/2021;Loja_SP;2;Entrada
8440;11;21/07/2021;Loja_SP;7;Entrada
8442;8;21/07/2021;Loja_SP;3;Entrada
8452;10;21/07/2021;Loja_SP;2;Entrada
8457;24;21/07/2021;Loja_SP;2;Entrada
8458;28;21/07/2021;Loja_SP;3;Entrada
8462;20;21/07/2021;Loja_SP;2;Devolução
8468;25;21/07/2021;Loja_SP;3;Entrada
8492;14;22/07/2021;Loja_SP;7;Entrada
8501;12;22/07/2021;Loja_SP;3;Entrada
8502;4;23/07/2021;Loja_SP;2;Entrada
8506;19;23/07/2021;Loja_SP;2;Entrada
8507;7;23/07/2021;Loja_SP;2;Entrada
8514;11;23/07/2021;Loja_SP;-1;Saída
8533;18;23/07/2021;Loja_SP;4;Entrada
8544;14;24/07/2021;Loja_SP;-1;Saída
8545;23;24/07/2021;Loja_SP;3;Entrada
8549;2;24/07/2021;Loja_SP;-1;Saída
8551;30;24/07/2021;Loja_SP;2;Devolução
8556;32;24/07/2021;Loja_SP;2;Entrada
8566;23;24/07/2021;Loja_SP;2;Entrada
8581;24;24/07/2021;Loja_SP;2;Devolução
8584;18;24/07/2021;Loja_SP;2;Entrada
8598;4;25/07/2021;Loja_SP;2;Entrada
8611;22;25/07/2021;Loja_SP;-3;Saída
8618;12;25/07/2021;Loja_SP;2;Entrada
8633;2;26/07/2021;Loja_SP;-1;Saída
8636;13;26/07/2021;Loja_SP;-1;Saída
8657;26;26/07/2021;Loja_SP;5;Devolução
8675;23;27/07/2021;Loja_SP;7;Entrada
8691;24;27/07/2021;Loja_SP;-1;Saída
8702;13;27/07/2021;Loja_SP;3;Entrada
8708;28;27/07/2021;Loja_SP;-1;Saída
8713;18;28/07/2021;Loja_SP;3;Entrada
8721;26;28/07/2021;Loja_SP;3;Entrada
8757;9;29/07/2021;Loja_SP;-2;Saída
8763;14;29/07/2021;Loja_SP;3;Entrada
8771;1;29/07/2021;Loja_SP;3;Entrada
8781;3;29/07/2021;Loja_SP;-4;Saída
8801;5;30/07/2021;Loja_SP;6;Entrada
8806;11;30/07/2021;Loja_SP;-1;Saída
8811;19;30/07/2021;Loja_SP;-1;Saída
8813;19;30/07/2021;Loja_SP;2;Entrada
8817;17;30/07/2021;Loja_SP;2;Entrada
8839;26;31/07/2021;Loja_SP;2;Entrada
8873;7;01/08/2021;Loja_SP;-1;Saída
8874;13;01/08/2021;Loja_SP;-1;Saída
8888;24;01/08/2021;Loja_SP;2;Entrada
8891;30;01/08/2021;Loja_SP;2;Entrada
8892;13;01/08/2021;Loja_SP;4;Devolução
8896;26;01/08/2021;Loja_SP;2;Entrada
8902;20;01/08/2021;Loja_SP;4;Entrada
8905;21;01/08/2021;Loja_SP;-1;Saída
8920;10;02/08/2021;Loja_SP;3;Entrada
8924;2;02/08/2021;Loja_SP;2;Entrada
8926;13;02/08/2021;Loja_SP;2;Entrada
8946;2;02/08/2021;Loja_SP;3;Entrada
8965;6;03/08/2021;Loja_SP;-3;Saída
8966;22;03/08/2021;Loja_SP;2;Entrada
8973;7;03/08/2021;Loja_SP;-1;Saída
9001;12;04/08/2021;Loja_SP;-4;Saída
9005;12;04/08/2021;Loja_SP;4;Devolução
9011;30;04/08/2021;Loja_SP;3;Entrada
9012;27;04/08/2021;Loja_SP;6;Entrada
9017;24;04/08/2021;Loja_SP;-2;Saída
9042;11;05/08/2021;Loja_SP;-2;Saída
9048;25;05/08/2021;Loja_SP;2;Entrada
9064;4;05/08/2021;Loja_SP;8;Devolução
9074;21;05/08/2021;Loja_SP;3;Entrada
9075;22;05/08/2021;Loja_SP;-2;Saída
9089;12;06/08/2021;Loja_SP;-2;Saída
9096;24;06/08/2021;Loja_SP;-3;Saída
9122;22;06/08/2021;Loja_SP;-2;Saída
9124;7;06/08/2021;Loja_SP;8;Entrada
9129;31;07/08/2021;Loja_SP;-1;Saída
9133;18;07/08/2021;Loja_SP;2;Entrada
9142;14;07/08/2021;Loja_SP;-2;Saída
9166;10;08/08/2021;Loja_SP;-1;Saída
9177;26;08/08/2021;Loja_SP;2;Entrada
9188;19;08/08/2021;Loja_SP;-2;Saída
9197;23;08/08/2021;Loja_SP;2;Entrada
9198;5;08/08/2021;Loja_SP;2;Entrada
9231;31;09/08/2021;Loja_SP;16;Entrada
9235;24;09/08/2021;Loja_SP;-1;Saída
9241;21;09/08/2021;Loja_SP;6;Entrada
9244;12;09/08/2021;Loja_SP;2;Entrada
9291;5;11/08/2021;Loja_SP;5;Entrada
9299;32;11/08/2021;Loja_SP;-1;Saída
9301;11;11/08/2021;Loja_SP;2;Devolução
9308;20;11/08/2021;Loja_SP;2;Entrada
9318;21;11/08/2021;Loja_SP;-4;Saída
9330;7;12/08/2021;Loja_SP;3;Entrada
9349;21;12/08/2021;Loja_SP;-3;Saída
9350;26;12/08/2021;Loja_SP;2;Entrada
9352;17;12/08/2021;Loja_SP;-1;Saída
9359;24;12/08/2021;Loja_SP;3;Entrada
9370;4;13/08/2021;Loja_SP;-3;Saída
9379;9;13/08/2021;Loja_SP;-2;Saída
9388;25;13/08/2021;Loja_SP;4;Entrada
9393;31;13/08/2021;Loja_SP;2;Entrada
9418;19;14/08/2021;Loja_SP;4;Entrada
9428;12;14/08/2021;Loja_SP;2;Entrada
9445;12;14/08/2021;Loja_SP;2;Entrada
9468;19;15/08/2021;Loja_SP;8;Entrada
9471;14;15/08/2021;Loja_SP;3;Entrada
9473;13;15/08/2021;Loja_SP;-3;Saída
9477;9;15/08/2021;Loja_SP;2;Entrada
9487;4;15/08/2021;Loja_SP;4;Entrada
9503;5;16/08/2021;Loja_SP;-1;Saída
9507;26;16/08/2021;Loja_SP;2;Devolução
9518;5;16/08/2021;Loja_SP;-1;Saída
9531;10;16/08/2021;Loja_SP;3;Entrada
9546;19;17/08/2021;Loja_SP;2;Entrada
9575;5;17/08/2021;Loja_SP;-1;Saída
9582;28;17/08/2021;Loja_SP;4;Devolução
9596;30;18/08/2021;Loja_SP;3;Entrada
9608;14;18/08/2021;Loja_SP;5;Entrada
9610;2;18/08/2021;Loja_SP;2;Entrada
9627;26;19/08/2021;Loja_SP;-2;Saída
9637;10;19/08/2021;Loja_SP;4;Entrada
9644;18;19/08/2021;Loja_SP;-2;Saída
9646;6;19/08/2021;Loja_SP;2;Entrada
9651;20;19/08/2021;Loja_SP;3;Entrada
9658;5;19/08/2021;Loja_SP;-1;Saída
9665;11;19/08/2021;Loja_SP;-1;Saída
9681;11;20/08/2021;Loja_SP;4;Entrada
9685;27;20/08/2021;Loja_SP;2;Entrada
9687;8;20/08/2021;Loja_SP;3;Entrada
9692;20;20/08/2021;Loja_SP;3;Devolução
9700;11;20/08/2021;Loja_SP;2;Entrada
9702;21;20/08/2021;Loja_SP;7;Entrada
9727;30;21/08/2021;Loja_SP;3;Entrada
9735;4;21/08/2021;Loja_SP;3;Devolução
9742;28;21/08/2021;Loja_SP;2;Entrada
9754;14;21/08/2021;Loja_SP;3;Entrada
9761;18;22/08/2021;Loja_SP;2;Entrada
9774;5;22/08/2021;Loja_SP;-1;Saída
9780;1;22/08/2021;Loja_SP;2;Entrada
9792;4;22/08/2021;Loja_SP;5;Entrada
9803;4;23/08/2021;Loja_SP;2;Entrada
9810;19;23/08/2021;Loja_SP;2;Entrada
9816;24;23/08/2021;Loja_SP;-5;Saída
9849;20;24/08/2021;Loja_SP;3;Entrada
9861;13;24/08/2021;Loja_SP;-1;Saída
9862;4;24/08/2021;Loja_SP;-2;Saída
9869;17;24/08/2021;Loja_SP;-1;Saída
9871;26;24/08/2021;Loja_SP;5;Entrada
9872;8;24/08/2021;Loja_SP;-1;Saída
9906;31;25/08/2021;Loja_SP;2;Entrada
9925;9;26/08/2021;Loja_SP;-4;Saída
9926;3;26/08/2021;Loja_SP;2;Entrada
9933;27;26/08/2021;Loja_SP;-1;Saída
9946;5;26/08/2021;Loja_SP;5;Devolução
9960;26;27/08/2021;Loja_SP;3;Entrada
9971;10;27/08/2021;Loja_SP;7;Entrada
9981;24;27/08/2021;Loja_SP;-1;Saída
9990;9;28/08/2021;Loja_SP;2;Entrada
9992;22;28/08/2021;Loja_SP;-2;Saída
9994;9;28/08/2021;Loja_SP;3;Entrada
9997;2;28/08/2021;Loja_SP;-1;Saída
10000;5;28/08/2021;Loja_SP;3;Entrada
10010;30;28/08/2021;Loja_SP;2;Entrada
10016;29;28/08/2021;Loja_SP;-2;Saída
10021;23;28/08/2021;Loja_SP;3;Entrada
10029;3;29/08/2021;Loja_SP;-1;Saída
10044;8;29/08/2021;Loja_SP;-4;Saída
10052;20;29/08/2021;Loja_SP;-1;Saída
10058;26;29/08/2021;Loja_SP;-1;Saída
10062;24;29/08/2021;Loja_SP;-1;Saída
10087;24;30/08/2021;Loja_SP;3;Entrada
10094;10;30/08/2021;Loja_SP;-4;Saída
10095;14;30/08/2021;Loja_SP;2;Entrada
10099;24;30/08/2021;Loja_SP;-1;Saída
10106;20;31/08/2021;Loja_SP;-1;Saída
10109;23;31/08/2021;Loja_SP;2;Entrada
10120;18;31/08/2021;Loja_SP;5;Entrada
10128;8;31/08/2021;Loja_SP;-1;Saída
10131;18;31/08/2021;Loja_SP;6;Entrada
10134;20;31/08/2021;Loja_SP;5;Entrada
10135;12;31/08/2021;Loja_SP;4;Entrada
10141;10;01/09/2021;Loja_SP;-6;Saída
10142;6;01/09/2021;Loja_SP;-1;Saída
10150;22;01/09/2021;Loja_SP;-2;Saída
10165;23;01/09/2021;Loja_SP;-1;Saída
10167;21;01/09/2021;Loja_SP;-1;Saída
10202;4;02/09/2021;Loja_SP;3;Entrada
10226;19;03/09/2021;Loja_SP;-2;Saída
10251;23;04/09/2021;Loja_SP;-2;Saída
10255;3;04/09/2021;Loja_SP;3;Entrada
10269;10;04/09/2021;Loja_SP;2;Entrada
10281;22;04/09/2021;Loja_SP;3;Entrada
10283;20;04/09/2021;Loja_SP;4;Entrada
10292;3;05/09/2021;Loja_SP;-3;Saída
10300;11;05/09/2021;Loja_SP;-1;Saída
10303;11;05/09/2021;Loja_SP;-2;Saída
10304;12;05/09/2021;Loja_SP;2;Entrada
10312;28;05/09/2021;Loja_SP;-1;Saída
10326;9;05/09/2021;Loja_SP;-2;Saída
10370;6;06/09/2021;Loja_SP;-1;Saída
10409;3;07/09/2021;Loja_SP;2;Entrada
10429;27;08/09/2021;Loja_SP;3;Entrada
10430;5;08/09/2021;Loja_SP;3;Entrada
10432;5;08/09/2021;Loja_SP;3;Devolução
10448;23;08/09/2021;Loja_SP;-1;Saída
10454;32;08/09/2021;Loja_SP;3;Entrada
10457;21;08/09/2021;Loja_SP;-2;Saída
10460;4;08/09/2021;Loja_SP;-3;Saída
10466;23;08/09/2021;Loja_SP;3;Entrada
10469;21;08/09/2021;Loja_SP;-1;Saída
10470;24;08/09/2021;Loja_SP;4;Entrada
10487;6;09/09/2021;Loja_SP;2;Entrada
10488;18;09/09/2021;Loja_SP;-1;Saída
10519;31;10/09/2021;Loja_SP;2;Entrada
10523;13;10/09/2021;Loja_SP;-2;Saída
10531;15;10/09/2021;Loja_SP;-1;Saída
10534;19;10/09/2021;Loja_SP;2;Entrada
10543;7;10/09/2021;Loja_SP;2;Entrada
10551;14;11/09/2021;Loja_SP;-1;Saída
10559;11;11/09/2021;Loja_SP;-1;Saída
10564;9;11/09/2021;Loja_SP;3;Entrada
10569;10;11/09/2021;Loja_SP;-1;Saída
10572;10;11/09/2021;Loja_SP;5;Entrada
10591;28;11/09/2021;Loja_SP;3;Entrada
10593;30;11/09/2021;Loja_SP;-2;Saída
10615;3;12/09/2021;Loja_SP;-2;Saída
10624;15;12/09/2021;Loja_SP;2;Entrada
10656;7;13/09/2021;Loja_SP;-5;Saída
10657;3;13/09/2021;Loja_SP;2;Entrada
10672;1;14/09/2021;Loja_SP;-1;Saída
10675;7;14/09/2021;Loja_SP;-2;Saída
10676;17;14/09/2021;Loja_SP;2;Entrada
10679;28;14/09/2021;Loja_SP;-1;Saída
10683;12;14/09/2021;Loja_SP;3;Entrada
10696;7;14/09/2021;Loja_SP;-1;Saída
10698;28;14/09/2021;Loja_SP;4;Entrada
10702;19;14/09/2021;Loja_SP;2;Entrada
10718;22;15/09/2021;Loja_SP;3;Entrada
10728;7;15/09/2021;Loja_SP;2;Entrada
10731;20;15/09/2021;Loja_SP;3;Entrada
10734;1;15/09/2021;Loja_SP;-1;Saída
10760;7;16/09/2021;Loja_SP;-1;Saída
10768;22;16/09/2021;Loja_SP;3;Entrada
10773;28;16/09/2021;Loja_SP;2;Entrada
10777;32;16/09/2021;Loja_SP;21;Entrada
10789;25;16/09/2021;Loja_SP;2;Entrada
10812;23;17/09/2021;Loja_SP;5;Entrada
10826;4;18/09/2021;Loja_SP;2;Entrada
10836;26;18/09/2021;Loja_SP;6;Entrada
10839;14;18/09/2021;Loja_SP;2;Entrada
10840;19;18/09/2021;Loja_SP;5;Devolução
10841;25;18/09/2021;Loja_SP;5;Entrada
10850;26;18/09/2021;Loja_SP;-1;Saída
10852;10;18/09/2021;Loja_SP;4;Entrada
10854;19;18/09/2021;Loja_SP;-3;Saída
10859;9;18/09/2021;Loja_SP;2;Entrada
10863;14;18/09/2021;Loja_SP;5;Entrada
10864;19;18/09/2021;Loja_SP;-1;Saída
10868;5;18/09/2021;Loja_SP;-1;Saída
10870;3;18/09/2021;Loja_SP;-2;Saída
10877;6;19/09/2021;Loja_SP;-1;Saída
10884;28;19/09/2021;Loja_SP;2;Entrada
10901;3;19/09/2021;Loja_SP;-4;Saída
10907;22;19/09/2021;Loja_SP;-1;Saída
10913;24;20/09/2021;Loja_SP;-4;Saída
10956;22;21/09/2021;Loja_SP;-1;Saída
10960;19;21/09/2021;Loja_SP;5;Devolução
10961;29;21/09/2021;Loja_SP;2;Entrada
10968;4;21/09/2021;Loja_SP;3;Entrada
10997;1;22/09/2021;Loja_SP;2;Devolução
11000;8;22/09/2021;Loja_SP;2;Entrada
11001;28;22/09/2021;Loja_SP;2;Devolução
11019;18;22/09/2021;Loja_SP;-2;Saída
11039;20;23/09/2021;Loja_SP;-4;Saída
11052;3;23/09/2021;Loja_SP;-8;Saída
11053;12;23/09/2021;Loja_SP;5;Entrada
11062;27;23/09/2021;Loja_SP;4;Entrada
11093;29;24/09/2021;Loja_SP;2;Entrada
11103;11;24/09/2021;Loja_SP;2;Entrada
11105;28;24/09/2021;Loja_SP;-1;Saída
11129;9;25/09/2021;Loja_SP;4;Entrada
11137;26;25/09/2021;Loja_SP;2;Entrada
11142;21;25/09/2021;Loja_SP;-1;Saída
11144;20;25/09/2021;Loja_SP;-4;Saída
11160;32;25/09/2021;Loja_SP;2;Entrada
11170;21;26/09/2021;Loja_SP;3;Entrada
11182;17;26/09/2021;Loja_SP;2;Entrada
11184;27;26/09/2021;Loja_SP;13;Entrada
11191;18;26/09/2021;Loja_SP;-3;Saída
11204;14;27/09/2021;Loja_SP;2;Entrada
11216;14;27/09/2021;Loja_SP;-3;Saída
11225;21;27/09/2021;Loja_SP;3;Devolução
11227;24;27/09/2021;Loja_SP;3;Entrada
11244;12;28/09/2021;Loja_SP;-1;Saída
11251;25;28/09/2021;Loja_SP;2;Entrada
11254;30;28/09/2021;Loja_SP;-1;Saída
11257;14;28/09/2021;Loja_SP;-2;Saída
11271;4;28/09/2021;Loja_SP;3;Entrada
11286;31;29/09/2021;Loja_SP;-1;Saída
11307;11;30/09/2021;Loja_SP;-2;Saída
11315;26;30/09/2021;Loja_SP;5;Entrada
11320;28;30/09/2021;Loja_SP;16;Entrada
11329;9;30/09/2021;Loja_SP;3;Devolução
11333;23;30/09/2021;Loja_SP;-2;Saída
11337;15;30/09/2021;Loja_SP;2;Entrada
11366;2;01/10/2021;Loja_SP;-1;Saída
11373;27;01/10/2021;Loja_SP;2;Entrada
11378;24;01/10/2021;Loja_SP;-6;Saída
11401;23;01/10/2021;Loja_SP;-2;Saída
11412;2;02/10/2021;Loja_SP;3;Entrada
11428;21;02/10/2021;Loja_SP;8;Entrada
11458;18;03/10/2021;Loja_SP;-1;Saída
11476;14;03/10/2021;Loja_SP;5;Entrada
11499;10;03/10/2021;Loja_SP;4;Entrada
11504;26;04/10/2021;Loja_SP;2;Entrada
11515;27;04/10/2021;Loja_SP;16;Entrada
11526;18;04/10/2021;Loja_SP;2;Entrada
11531;6;04/10/2021;Loja_SP;3;Entrada
11536;18;04/10/2021;Loja_SP;6;Entrada
11537;21;04/10/2021;Loja_SP;4;Entrada
11546;20;05/10/2021;Loja_SP;3;Entrada
11549;4;05/10/2021;Loja_SP;-3;Saída
11558;3;05/10/2021;Loja_SP;2;Entrada
11560;16;05/10/2021;Loja_SP;2;Entrada
11567;9;05/10/2021;Loja_SP;2;Entrada
11590;10;06/10/2021;Loja_SP;3;Entrada
11632;18;07/10/2021;Loja_SP;2;Devolução
11635;2;07/10/2021;Loja_SP;2;Devolução
11642;32;07/10/2021;Loja_SP;4;Entrada
11653;23;07/10/2021;Loja_SP;2;Entrada
11659;27;07/10/2021;Loja_SP;-1;Saída
11660;25;07/10/2021;Loja_SP;-1;Saída
11666;28;07/10/2021;Loja_SP;-3;Saída
11675;7;08/10/2021;Loja_SP;2;Entrada
11683;3;08/10/2021;Loja_SP;-2;Saída
11686;26;08/10/2021;Loja_SP;3;Entrada
11687;25;08/10/2021;Loja_SP;2;Entrada
11688;27;08/10/2021;Loja_SP;-3;Saída
11690;14;08/10/2021;Loja_SP;3;Entrada
11693;1;08/10/2021;Loja_SP;2;Entrada
11695;9;08/10/2021;Loja_SP;-3;Saída
11701;10;08/10/2021;Loja_SP;2;Entrada
11713;8;09/10/2021;Loja_SP;4;Entrada
11727;5;09/10/2021;Loja_SP;3;Entrada
11731;12;09/10/2021;Loja_SP;-2;Saída
11752;31;10/10/2021;Loja_SP;-1;Saída
11760;29;10/10/2021;Loja_SP;3;Entrada
11768;5;10/10/2021;Loja_SP;2;Entrada
11779;31;11/10/2021;Loja_SP;2;Entrada
11786;27;11/10/2021;Loja_SP;21;Entrada
11798;18;11/10/2021;Loja_SP;2;Entrada
11808;12;11/10/2021;Loja_SP;2;Entrada
11809;22;11/10/2021;Loja_SP;-1;Saída
11815;19;12/10/2021;Loja_SP;-1;Saída
11816;30;12/10/2021;Loja_SP;3;Entrada
11833;19;12/10/2021;Loja_SP;2;Devolução
11844;6;12/10/2021;Loja_SP;-1;Saída
11858;23;13/10/2021;Loja_SP;-1;Saída
11859;4;13/10/2021;Loja_SP;2;Entrada
11873;12;13/10/2021;Loja_SP;2;Entrada
11911;11;14/10/2021;Loja_SP;-3;Saída
11927;28;15/10/2021;Loja_SP;-2;Saída
11939;17;15/10/2021;Loja_SP;-1;Saída
11970;29;16/10/2021;Loja_SP;2;Entrada
11975;20;16/10/2021;Loja_SP;4;Entrada
11998;9;16/10/2021;Loja_SP;3;Entrada
12000;28;16/10/2021;Loja_SP;3;Entrada
12003;27;16/10/2021;Loja_SP;-1;Saída
12020;20;17/10/2021;Loja_SP;3;Entrada
12030;16;17/10/2021;Loja_SP;-1;Saída
12054;6;18/10/2021;Loja_SP;-3;Saída
12103;11;19/10/2021;Loja_SP;-1;Saída
12109;6;19/10/2021;Loja_SP;2;Entrada
12114;13;19/10/2021;Loja_SP;2;Entrada
12126;1;19/10/2021;Loja_SP;2;Entrada
12141;11;19/10/2021;Loja_SP;3;Devolução
12142;24;19/10/2021;Loja_SP;-2;Saída
12143;12;19/10/2021;Loja_SP;2;Entrada
12157;6;20/10/2021;Loja_SP;-1;Saída
12160;14;20/10/2021;Loja_SP;3;Devolução
12165;8;20/10/2021;Loja_SP;-2;Saída
12192;21;20/10/2021;Loja_SP;-2;Saída
12199;2;21/10/2021;Loja_SP;3;Entrada
12200;6;21/10/2021;Loja_SP;4;Entrada
12203;3;21/10/2021;Loja_SP;2;Entrada
12205;10;21/10/2021;Loja_SP;5;Entrada
12210;16;21/10/2021;Loja_SP;2;Entrada
12215;21;21/10/2021;Loja_SP;-7;Saída
12242;28;22/10/2021;Loja_SP;2;Entrada
12251;22;22/10/2021;Loja_SP;-3;Saída
12262;21;22/10/2021;Loja_SP;-2;Saída
12264;9;22/10/2021;Loja_SP;-5;Saída
12267;30;22/10/2021;Loja_SP;3;Entrada
12281;23;22/10/2021;Loja_SP;3;Entrada
12302;31;23/10/2021;Loja_SP;2;Entrada
12304;27;23/10/2021;Loja_SP;4;Entrada
12311;22;23/10/2021;Loja_SP;-2;Saída
12314;31;23/10/2021;Loja_SP;19;Entrada
12332;29;24/10/2021;Loja_SP;3;Entrada
12339;8;24/10/2021;Loja_SP;4;Entrada
12348;10;24/10/2021;Loja_SP;-1;Saída
12353;25;24/10/2021;Loja_SP;-1;Saída
12362;7;25/10/2021;Loja_SP;3;Entrada
12363;31;25/10/2021;Loja_SP;-4;Saída
12365;31;25/10/2021;Loja_SP;-1;Saída
12388;14;25/10/2021;Loja_SP;3;Entrada
12405;6;26/10/2021;Loja_SP;4;Entrada
12408;22;26/10/2021;Loja_SP;3;Devolução
12409;27;26/10/2021;Loja_SP;-5;Saída
12461;9;27/10/2021;Loja_SP;3;Entrada
12474;7;27/10/2021;Loja_SP;-1;Saída
12477;22;27/10/2021;Loja_SP;-3;Saída
12484;3;27/10/2021;Loja_SP;-3;Saída
12501;23;28/10/2021;Loja_SP;-1;Saída
12536;25;29/10/2021;Loja_SP;2;Entrada
12552;21;29/10/2021;Loja_SP;-7;Saída
12554;9;29/10/2021;Loja_SP;5;Entrada
12555;3;29/10/2021;Loja_SP;2;Entrada
12571;12;30/10/2021;Loja_SP;-1;Saída
12591;24;30/10/2021;Loja_SP;3;Devolução
12614;18;30/10/2021;Loja_SP;2;Entrada
12635;10;31/10/2021;Loja_SP;-1;Saída
12716;13;02/11/2021;Loja_SP;3;Entrada
12735;8;02/11/2021;Loja_SP;-6;Saída
12746;9;03/11/2021;Loja_SP;2;Entrada
12759;16;03/11/2021;Loja_SP;-1;Saída
12772;22;03/11/2021;Loja_SP;2;Devolução
12773;3;03/11/2021;Loja_SP;8;Entrada
12777;7;03/11/2021;Loja_SP;2;Entrada
12795;3;04/11/2021;Loja_SP;-1;Saída
12806;11;04/11/2021;Loja_SP;4;Entrada
12812;17;04/11/2021;Loja_SP;2;Entrada
12814;27;04/11/2021;Loja_SP;-2;Saída
12823;14;05/11/2021;Loja_SP;-1;Saída
12841;7;05/11/2021;Loja_SP;2;Entrada
12846;7;05/11/2021;Loja_SP;3;Entrada
12854;32;05/11/2021;Loja_SP;2;Entrada
12860;10;05/11/2021;Loja_SP;-2;Saída
12863;26;05/11/2021;Loja_SP;-3;Saída
12872;8;06/11/2021;Loja_SP;-1;Saída
12896;32;06/11/2021;Loja_SP;2;Entrada
12915;10;07/11/2021;Loja_SP;-1;Saída
12920;11;07/11/2021;Loja_SP;6;Entrada
12929;27;07/11/2021;Loja_SP;-1;Saída
12932;14;07/11/2021;Loja_SP;5;Entrada
12934;12;07/11/2021;Loja_SP;2;Entrada
12940;12;07/11/2021;Loja_SP;-2;Saída
12946;28;08/11/2021;Loja_SP;2;Entrada
12949;11;08/11/2021;Loja_SP;2;Devolução
12951;18;08/11/2021;Loja_SP;3;Entrada
12958;5;08/11/2021;Loja_SP;2;Devolução
12986;3;08/11/2021;Loja_SP;4;Entrada
13000;3;08/11/2021;Loja_SP;3;Entrada
13001;21;09/11/2021;Loja_SP;4;Entrada
13031;6;09/11/2021;Loja_SP;-3;Saída
13041;7;10/11/2021;Loja_SP;5;Entrada
13043;25;10/11/2021;Loja_SP;2;Entrada
13044;15;10/11/2021;Loja_SP;-1;Saída
13062;10;10/11/2021;Loja_SP;-4;Saída
13069;29;10/11/2021;Loja_SP;3;Entrada
13084;16;11/11/2021;Loja_SP;2;Entrada
13094;26;11/11/2021;Loja_SP;6;Devolução
13115;4;11/11/2021;Loja_SP;2;Entrada
13118;31;11/11/2021;Loja_SP;2;Entrada
13131;29;12/11/2021;Loja_SP;-1;Saída
13133;7;12/11/2021;Loja_SP;2;Entrada
13155;30;12/11/2021;Loja_SP;-2;Saída
13172;29;13/11/2021;Loja_SP;2;Entrada
13176;7;13/11/2021;Loja_SP;7;Entrada
13177;13;13/11/2021;Loja_SP;2;Entrada
13181;17;13/11/2021;Loja_SP;-2;Saída
13186;9;13/11/2021;Loja_SP;-3;Saída
13203;9;14/11/2021;Loja_SP;-1;Saída
13204;19;14/11/2021;Loja_SP;4;Entrada
13223;22;14/11/2021;Loja_SP;-3;Saída
13234;13;15/11/2021;Loja_SP;3;Entrada
13236;18;15/11/2021;Loja_SP;4;Entrada
13240;20;15/11/2021;Loja_SP;2;Entrada
13245;11;15/11/2021;Loja_SP;4;Entrada
13258;29;15/11/2021;Loja_SP;-1;Saída
13262;25;15/11/2021;Loja_SP;-1;Saída
13281;9;16/11/2021;Loja_SP;-1;Saída
13283;13;16/11/2021;Loja_SP;2;Entrada
13303;13;16/11/2021;Loja_SP;2;Entrada
13307;26;16/11/2021;Loja_SP;4;Entrada
13312;31;16/11/2021;Loja_SP;-1;Saída
13316;21;16/11/2021;Loja_SP;-4;Saída
13319;28;17/11/2021;Loja_SP;2;Entrada
13321;9;17/11/2021;Loja_SP;5;Entrada
13338;7;17/11/2021;Loja_SP;2;Entrada
13343;23;17/11/2021;Loja_SP;16;Entrada
13382;3;18/11/2021;Loja_SP;2;Entrada
13409;3;19/11/2021;Loja_SP;7;Entrada
13419;32;19/11/2021;Loja_SP;-2;Saída
13422;31;19/11/2021;Loja_SP;3;Entrada
13423;22;19/11/2021;Loja_SP;5;Devolução
13431;21;19/11/2021;Loja_SP;3;Entrada
13435;11;19/11/2021;Loja_SP;2;Entrada
13444;2;20/11/2021;Loja_SP;2;Entrada
13447;23;20/11/2021;Loja_SP;-2;Saída
13449;26;20/11/2021;Loja_SP;-3;Saída
13467;5;20/11/2021;Loja_SP;4;Entrada
13487;4;21/11/2021;Loja_SP;-2;Saída
13491;18;21/11/2021;Loja_SP;4;Entrada
13499;19;21/11/2021;Loja_SP;-3;Saída
13503;32;21/11/2021;Loja_SP;3;Entrada
13509;6;21/11/2021;Loja_SP;-1;Saída
13523;11;21/11/2021;Loja_SP;2;Entrada
13535;28;22/11/2021;Loja_SP;-1;Saída
13539;23;22/11/2021;Loja_SP;2;Entrada
13541;23;22/11/2021;Loja_SP;4;Entrada
13543;29;22/11/2021;Loja_SP;2;Entrada
13544;18;22/11/2021;Loja_SP;-1;Saída
13548;8;22/11/2021;Loja_SP;4;Entrada
13550;29;22/11/2021;Loja_SP;4;Entrada
13556;14;22/11/2021;Loja_SP;5;Entrada
13560;5;22/11/2021;Loja_SP;3;Devolução
13574;28;22/11/2021;Loja_SP;4;Devolução
13579;22;23/11/2021;Loja_SP;2;Entrada
13594;13;23/11/2021;Loja_SP;-1;Saída
13595;9;23/11/2021;Loja_SP;2;Entrada
13597;11;23/11/2021;Loja_SP;2;Entrada
13599;17;23/11/2021;Loja_SP;2;Devolução
13602;22;23/11/2021;Loja_SP;-1;Saída
13607;8;23/11/2021;Loja_SP;2;Entrada
13610;32;23/11/2021;Loja_SP;2;Entrada
13616;8;23/11/2021;Loja_SP;4;Entrada
13618;3;24/11/2021;Loja_SP;2;Entrada
13620;16;24/11/2021;Loja_SP;2;Entrada
13626;13;24/11/2021;Loja_SP;-5;Saída
13635;9;24/11/2021;Loja_SP;-3;Saída
13661;22;25/11/2021;Loja_SP;16;Entrada
13697;6;25/11/2021;Loja_SP;8;Entrada
13703;20;25/11/2021;Loja_SP;5;Entrada
13706;3;26/11/2021;Loja_SP;-7;Saída
13710;29;26/11/2021;Loja_SP;2;Entrada
13715;21;26/11/2021;Loja_SP;2;Entrada
13719;22;26/11/2021;Loja_SP;-1;Saída
13722;23;26/11/2021;Loja_SP;3;Entrada
13724;5;26/11/2021;Loja_SP;-2;Saída
13726;26;26/11/2021;Loja_SP;-4;Saída
13746;13;26/11/2021;Loja_SP;-1;Saída
13747;24;27/11/2021;Loja_SP;5;Entrada
13752;14;27/11/2021;Loja_SP;2;Entrada
13753;21;27/11/2021;Loja_SP;3;Entrada
13761;13;27/11/2021;Loja_SP;4;Entrada
13767;8;27/11/2021;Loja_SP;2;Entrada
13782;3;27/11/2021;Loja_SP;9;Entrada
13783;27;27/11/2021;Loja_SP;4;Entrada
13810;22;28/11/2021;Loja_SP;3;Entrada
13817;7;28/11/2021;Loja_SP;4;Entrada
13823;26;28/11/2021;Loja_SP;3;Entrada
13840;11;29/11/2021;Loja_SP;-3;Saída
13850;30;29/11/2021;Loja_SP;-1;Saída
13861;27;29/11/2021;Loja_SP;3;Entrada
13887;23;30/11/2021;Loja_SP;-4;Saída
13890;14;30/11/2021;Loja_SP;4;Devolução
13892;18;30/11/2021;Loja_SP;7;Entrada
13901;8;30/11/2021;Loja_SP;-6;Saída
13905;16;30/11/2021;Loja_SP;3;Entrada
13909;11;30/11/2021;Loja_SP;4;Entrada
13938;3;01/12/2021;Loja_SP;-1;Saída
13942;13;01/12/2021;Loja_SP;4;Entrada
13945;10;01/12/2021;Loja_SP;-1;Saída
13965;14;02/12/2021;Loja_SP;-2;Saída
13973;27;02/12/2021;Loja_SP;2;Entrada
13979;29;02/12/2021;Loja_SP;3;Entrada
13999;14;03/12/2021;Loja_SP;-1;Saída
14005;5;03/12/2021;Loja_SP;-1;Saída
14009;6;03/12/2021;Loja_SP;2;Devolução
14013;8;03/12/2021;Loja_SP;2;Entrada
14016;30;03/12/2021;Loja_SP;2;Entrada
14022;17;03/12/2021;Loja_SP;2;Entrada
14023;2;03/12/2021;Loja_SP;-1;Saída
14026;13;03/12/2021;Loja_SP;2;Entrada
14031;25;03/12/2021;Loja_SP;-2;Saída
14039;27;04/12/2021;Loja_SP;7;Devolução
14083;4;04/12/2021;Loja_SP;-3;Saída
14086;24;05/12/2021;Loja_SP;2;Entrada
14093;19;05/12/2021;Loja_SP;2;Entrada
14122;14;05/12/2021;Loja_SP;3;Entrada
14127;30;06/12/2021;Loja_SP;-1;Saída
14139;7;06/12/2021;Loja_SP;3;Devolução
14148;17;06/12/2021;Loja_SP;-1;Saída
14166;4;07/12/2021;Loja_SP;2;Devolução
14177;27;07/12/2021;Loja_SP;4;Entrada
14181;14;07/12/2021;Loja_SP;2;Entrada
14184;7;07/12/2021;Loja_SP;3;Entrada
14199;32;07/12/2021;Loja_SP;2;Entrada
14208;27;08/12/2021;Loja_SP;7;Devolução
14216;12;08/12/2021;Loja_SP;3;Entrada
14228;28;08/12/2021;Loja_SP;-2;Saída
14244;14;08/12/2021;Loja_SP;-2;Saída
14246;25;08/12/2021;Loja_SP;-1;Saída
14247;8;08/12/2021;Loja_SP;4;Devolução
14252;26;09/12/2021;Loja_SP;-4;Saída
14260;21;09/12/2021;Loja_SP;-1;Saída
14267;19;09/12/2021;Loja_SP;-3;Saída
14269;14;09/12/2021;Loja_SP;-4;Saída
14281;28;10/12/2021;Loja_SP;-4;Saída
14282;30;10/12/2021;Loja_SP;4;Entrada
14300;18;10/12/2021;Loja_SP;3;Entrada
14303;8;10/12/2021;Loja_SP;5;Entrada
14304;19;10/12/2021;Loja_SP;-1;Saída
14325;20;11/12/2021;Loja_SP;2;Devolução
14353;17;11/12/2021;Loja_SP;2;Entrada
14359;24;11/12/2021;Loja_SP;3;Entrada
14363;19;12/12/2021;Loja_SP;6;Entrada
14371;7;12/12/2021;Loja_SP;3;Entrada
14377;1;12/12/2021;Loja_SP;2;Entrada
14389;27;12/12/2021;Loja_SP;3;Entrada
14402;27;13/12/2021;Loja_SP;-2;Saída
14411;8;13/12/2021;Loja_SP;-2;Saída
14428;14;13/12/2021;Loja_SP;-2;Saída
14429;3;13/12/2021;Loja_SP;2;Devolução
14457;20;14/12/2021;Loja_SP;2;Entrada
14466;21;14/12/2021;Loja_SP;3;Entrada
14469;11;14/12/2021;Loja_SP;-1;Saída
14472;11;14/12/2021;Loja_SP;-2;Saída
14473;30;14/12/2021;Loja_SP;-3;Saída
14510;7;15/12/2021;Loja_SP;-1;Saída
14514;20;15/12/2021;Loja_SP;2;Entrada
14515;14;15/12/2021;Loja_SP;-3;Saída
14519;15;16/12/2021;Loja_SP;2;Entrada
14520;18;16/12/2021;Loja_SP;3;Entrada
14524;26;16/12/2021;Loja_SP;-3;Saída
14533;14;16/12/2021;Loja_SP;-1;Saída
14545;20;17/12/2021;Loja_SP;2;Entrada
14556;10;17/12/2021;Loja_SP;6;Entrada
14576;21;18/12/2021;Loja_SP;-1;Saída
14596;7;18/12/2021;Loja_SP;-8;Saída
14600;3;18/12/2021;Loja_SP;4;Entrada
14607;3;18/12/2021;Loja_SP;3;Entrada
14611;23;18/12/2021;Loja_SP;4;Devolução
14623;29;19/12/2021;Loja_SP;-1;Saída
14631;13;19/12/2021;Loja_SP;2;Entrada
14646;21;19/12/2021;Loja_SP;5;Entrada
14648;14;19/12/2021;Loja_SP;3;Entrada
14678;25;19/12/2021;Loja_SP;-4;Saída
14684;20;20/12/2021;Loja_SP;2;Entrada
14700;6;20/12/2021;Loja_SP;-1;Saída
14713;25;21/12/2021;Loja_SP;3;Entrada
14716;8;21/12/2021;Loja_SP;-3;Saída
14721;18;21/12/2021;Loja_SP;-1;Saída
14723;14;21/12/2021;Loja_SP;-6;Saída
14732;10;21/12/2021;Loja_SP;-2;Saída
14737;12;21/12/2021;Loja_SP;4;Entrada
14794;5;23/12/2021;Loja_SP;-2;Saída
14803;13;23/12/2021;Loja_SP;4;Entrada
14807;9;23/12/2021;Loja_SP;-1;Saída
14808;16;23/12/2021;Loja_SP;2;Entrada
14810;26;23/12/2021;Loja_SP;-3;Saída
14817;19;23/12/2021;Loja_SP;-3;Saída
14823;12;24/12/2021;Loja_SP;-7;Saída
14829;25;24/12/2021;Loja_SP;3;Entrada
14838;23;24/12/2021;Loja_SP;2;Entrada
14849;26;24/12/2021;Loja_SP;-1;Saída
14850;6;24/12/2021;Loja_SP;2;Entrada
14853;24;24/12/2021;Loja_SP;3;Entrada
14860;4;24/12/2021;Loja_SP;2;Devolução
14861;8;24/12/2021;Loja_SP;-2;Saída
14864;26;24/12/2021;Loja_SP;2;Devolução
14877;14;25/12/2021;Loja_SP;2;Entrada
14889;6;25/12/2021;Loja_SP;3;Entrada
14891;28;25/12/2021;Loja_SP;-1;Saída
14897;6;25/12/2021;Loja_SP;2;Entrada
14898;1;25/12/2021;Loja_SP;2;Entrada
14921;9;26/12/2021;Loja_SP;-1;Saída
14938;10;26/12/2021;Loja_SP;3;Entrada
14942;7;26/12/2021;Loja_SP;2;Entrada
14966;12;27/12/2021;Loja_SP;3;Entrada
14985;31;27/12/2021;Loja_SP;2;Entrada
14986;8;27/12/2021;Loja_SP;4;Entrada
15005;10;28/12/2021;Loja_SP;4;Entrada
15009;10;28/12/2021;Loja_SP;-2;Saída
15014;19;28/12/2021;Loja_SP;-2;Saída
15022;11;28/12/2021;Loja_SP;5;Entrada
15038;8;28/12/2021;Loja_SP;21;Entrada
15040;7;28/12/2021;Loja_SP;6;Entrada
15041;12;28/12/2021;Loja_SP;4;Entrada
15058;7;29/12/2021;Loja_SP;-2;Saída
15062;9;29/12/2021;Loja_SP;3;Entrada
15064;27;29/12/2021;Loja_SP;-1;Saída
15071;18;29/12/2021;Loja_SP;-2;Saída
15085;9;30/12/2021;Loja_SP;3;Devolução
15087;5;30/12/2021;Loja_SP;3;Entrada
15092;6;30/12/2021;Loja_SP;3;Devolução
15115;22;30/12/2021;Loja_SP;2;Entrada
15154;1;31/12/2021;Loja_SP;-2;Saída
